ts_code,trade_date,open,high,low,close,pre_close,change,pct_chg,vol,amount
002636.SZ,20240704,5.98,6.07,5.81,5.83,6.03,-0.2,-3.3167,53751.0,31825.964
002636.SZ,20240705,5.8,5.85,5.65,5.83,5.83,0.0,0.0,58123.0,33418.821
002636.SZ,20240708,5.83,5.93,5.69,5.7,5.83,-0.13,-2.2298,61613.64,35591.982
002636.SZ,20240709,5.73,5.99,5.61,5.97,5.7,0.27,4.7368,72431.04,42402.771
002636.SZ,20240710,5.92,6.06,5.87,6.03,5.97,0.06,1.005,51646.0,30997.052
002636.SZ,20240711,6.15,6.35,6.08,6.34,6.03,0.31,5.141,84747.0,52903.618
002636.SZ,20240712,6.3,6.45,6.24,6.38,6.34,0.04,0.6309,63427.0,40255.356
002636.SZ,20240715,6.56,6.65,6.26,6.43,6.38,0.05,0.7837,182569.0,117333.845
002636.SZ,20240716,6.41,7.07,6.36,7.07,6.43,0.64,9.9533,162306.46,112790.318
002636.SZ,20240717,7.07,7.16,6.66,6.69,7.07,-0.38,-5.3748,352356.22,239188.486
002636.SZ,20240718,6.57,6.58,6.29,6.53,6.69,-0.16,-2.3916,209416.05,134320.275
002636.SZ,20240719,6.36,6.57,6.25,6.45,6.53,-0.08,-1.2251,153138.97,99100.526
002636.SZ,20240722,6.42,6.59,6.41,6.52,6.45,0.07,1.0853,119768.36,77804.934
002636.SZ,20240723,6.51,6.51,6.26,6.28,6.52,-0.24,-3.681,113217.98,72303.1
002636.SZ,20240724,6.23,6.36,6.06,6.08,6.28,-0.2,-3.1847,95311.0,58945.709
002636.SZ,20240725,6.0,6.21,5.98,6.09,6.08,0.01,0.1645,68530.0,41705.839
002636.SZ,20240726,6.09,6.23,6.09,6.18,6.09,0.09,1.4778,60977.0,37630.044
002636.SZ,20240729,6.15,6.24,6.08,6.18,6.18,0.0,0.0,43279.0,26681.676
002636.SZ,20240730,6.13,6.24,6.09,6.19,6.18,0.01,0.1618,43252.37,26727.359
002636.SZ,20240731,6.18,6.5,6.17,6.49,6.19,0.3,4.8465,79923.37,51076.242
002636.SZ,20240801,6.49,6.56,6.45,6.52,6.49,0.03,0.4622,62030.04,40370.817
002636.SZ,20240802,6.43,6.5,6.3,6.32,6.52,-0.2,-3.0675,47705.26,30558.377
002636.SZ,20240805,6.25,6.31,6.03,6.05,6.32,-0.27,-4.2722,66629.0,41031.581
002636.SZ,20240806,6.11,6.2,6.05,6.16,6.05,0.11,1.8182,40809.0,24964.119
002636.SZ,20240807,6.18,6.27,6.15,6.21,6.16,0.05,0.8117,37449.0,23262.192
002636.SZ,20240808,6.15,6.28,6.08,6.2,6.21,-0.01,-0.161,35729.0,22051.959
002636.SZ,20240809,6.21,6.33,6.21,6.23,6.2,0.03,0.4839,31561.0,19725.553
002636.SZ,20240812,6.25,6.29,6.13,6.16,6.23,-0.07,-1.1236,34976.0,21741.93
002636.SZ,20240813,6.15,6.29,6.12,6.28,6.16,0.12,1.9481,30537.0,19005.773
002636.SZ,20240814,6.22,6.35,6.22,6.33,6.28,0.05,0.7962,33420.0,21087.711
002636.SZ,20240815,6.35,6.45,6.28,6.45,6.33,0.12,1.8957,52351.63,33509.115
002636.SZ,20240816,6.48,6.61,6.46,6.55,6.45,0.1,1.5504,61939.26,40581.139
002636.SZ,20240819,6.57,6.63,6.44,6.47,6.55,-0.08,-1.2214,51016.0,33190.039
002636.SZ,20240820,6.43,6.49,6.31,6.34,6.47,-0.13,-2.0093,48123.0,30758.089
002636.SZ,20240821,6.38,6.43,6.3,6.35,6.34,0.01,0.1577,40747.0,25923.675
002636.SZ,20240822,6.36,6.4,6.2,6.22,6.35,-0.13,-2.0472,33830.85,21230.431
002636.SZ,20240823,6.22,6.3,6.12,6.24,6.22,0.02,0.3215,37415.45,23239.453
002636.SZ,20240826,6.25,6.4,6.21,6.38,6.24,0.14,2.2436,38039.0,24091.073
002636.SZ,20240827,6.35,6.45,6.14,6.17,6.38,-0.21,-3.2915,52937.0,33182.457
002636.SZ,20240828,6.13,6.29,6.13,6.22,6.17,0.05,0.8104,34760.0,21601.651
002636.SZ,20240829,6.19,6.45,6.15,6.41,6.22,0.19,3.0547,46248.0,29311.105
002636.SZ,20240830,6.41,6.6,6.36,6.56,6.41,0.15,2.3401,68345.0,44800.575
002636.SZ,20240902,6.98,7.22,6.85,7.05,6.56,0.49,7.4695,339594.15,242772.523
002636.SZ,20240903,6.83,7.02,6.66,6.7,7.05,-0.35,-4.9645,367826.01,249052.165
002636.SZ,20240904,6.69,6.76,6.62,6.7,6.7,0.0,0.0,164589.0,110346.581
002636.SZ,20240905,6.69,6.95,6.65,6.84,6.7,0.14,2.0896,157424.27,107391.787
002636.SZ,20240906,6.94,6.97,6.66,6.68,6.84,-0.16,-2.3392,101976.1,68850.83
002636.SZ,20240909,6.62,6.79,6.59,6.7,6.68,0.02,0.2994,74951.0,50023.338
002636.SZ,20240910,6.7,6.83,6.61,6.8,6.7,0.1,1.4925,73695.93,49521.457
002636.SZ,20240911,6.76,6.85,6.71,6.73,6.8,-0.07,-1.0294,64696.0,43815.196
002636.SZ,20240912,6.61,6.73,6.6,6.6,6.73,-0.13,-1.9316,74602.75,49558.672
002636.SZ,20240913,6.62,6.67,6.55,6.57,6.6,-0.03,-0.4545,51298.0,33902.543
002636.SZ,20240918,6.54,6.58,6.3,6.43,6.57,-0.14,-2.1309,54145.62,34814.898
002636.SZ,20240919,6.46,6.68,6.42,6.64,6.43,0.21,3.2659,58751.0,38585.259
002636.SZ,20240920,6.64,6.77,6.58,6.71,6.64,0.07,1.0542,60831.0,40561.632
002636.SZ,20240923,6.65,6.81,6.63,6.73,6.71,0.02,0.2981,42619.0,28720.166
002636.SZ,20240924,6.73,6.86,6.64,6.86,6.73,0.13,1.9316,69247.0,46968.125
002636.SZ,20240925,6.91,7.06,6.83,6.86,6.86,0.0,0.0,90092.35,62600.857
002636.SZ,20240926,6.81,6.98,6.81,6.97,6.86,0.11,1.6035,75045.6,51905.998
002636.SZ,20240927,7.04,7.39,7.04,7.26,6.97,0.29,4.1607,112431.16,80918.142
002636.SZ,20240930,7.5,7.98,7.35,7.97,7.26,0.71,9.7796,192950.79,148922.62
002636.SZ,20241008,8.77,8.77,7.97,8.64,7.97,0.67,8.4065,231026.86,195442.511
002636.SZ,20241009,8.36,8.57,8.01,8.1,8.64,-0.54,-6.25,190761.71,158648.715
002636.SZ,20241010,8.1,8.29,7.83,7.98,8.1,-0.12,-1.4815,146988.05,118403.569
002636.SZ,20241011,7.95,7.96,7.46,7.57,7.98,-0.41,-5.1378,102691.56,78732.762
002636.SZ,20241014,7.56,7.85,7.4,7.83,7.57,0.26,3.4346,109727.43,83908.765
002636.SZ,20241015,7.78,8.02,7.72,7.72,7.83,-0.11,-1.4049,86591.13,68148.856
002636.SZ,20241016,7.68,7.76,7.55,7.64,7.72,-0.08,-1.0363,70161.6,53589.969
002636.SZ,20241017,7.64,7.87,7.64,7.72,7.64,0.08,1.0471,83592.0,65047.651
002636.SZ,20241018,7.72,8.04,7.65,7.92,7.72,0.2,2.5907,111810.4,88207.644
002636.SZ,20241021,7.93,8.24,7.92,8.08,7.92,0.16,2.0202,128074.33,103864.004
002636.SZ,20241022,8.05,8.1,7.92,8.0,8.08,-0.08,-0.9901,78201.0,62538.1
002636.SZ,20241023,7.98,8.06,7.89,7.9,8.0,-0.1,-1.25,76189.0,60780.112
002636.SZ,20241024,7.86,8.43,7.8,8.41,7.9,0.51,6.4557,196975.13,160467.318
002636.SZ,20241025,8.45,8.63,8.11,8.47,8.41,0.06,0.7134,249191.25,208071.615
002636.SZ,20241028,8.42,8.83,8.3,8.53,8.47,0.06,0.7084,221946.43,187874.89
002636.SZ,20241029,8.5,8.55,8.36,8.42,8.53,-0.11,-1.2896,138077.6,116819.726
002636.SZ,20241030,8.26,8.52,8.26,8.42,8.42,0.0,0.0,123931.17,104118.082
002636.SZ,20241031,8.41,8.59,8.25,8.42,8.42,0.0,0.0,175215.0,147214.272
002636.SZ,20241101,8.4,8.53,7.98,7.99,8.42,-0.43,-5.1069,166856.4,136715.7
002636.SZ,20241104,8.0,8.17,7.91,8.16,7.99,0.17,2.1277,88861.26,71882.567
002636.SZ,20241105,8.23,8.98,8.19,8.98,8.16,0.82,10.049,360729.08,315901.674
002636.SZ,20241106,8.85,9.28,8.67,8.77,8.98,-0.21,-2.3385,484197.71,429792.374
002636.SZ,20241107,8.65,8.74,8.53,8.74,8.77,-0.03,-0.3421,231529.0,200235.624
002636.SZ,20241108,8.74,9.22,8.71,9.18,8.74,0.44,5.0343,406708.15,364992.722
002636.SZ,20241111,9.01,9.18,8.89,9.15,9.18,-0.03,-0.3268,294032.21,265960.121
002636.SZ,20241112,9.16,9.2,8.78,8.89,9.15,-0.26,-2.8415,195538.48,175292.028
002636.SZ,20241113,8.84,8.98,8.6,8.89,8.89,0.0,0.0,114813.56,100936.015
002636.SZ,20241114,8.9,8.92,8.56,8.58,8.89,-0.31,-3.4871,87884.86,76424.89
002636.SZ,20241115,8.52,8.7,8.4,8.4,8.58,-0.18,-2.0979,90839.33,77893.019
002636.SZ,20241118,8.41,8.48,7.98,8.02,8.4,-0.38,-4.5238,100849.41,82091.161
002636.SZ,20241119,8.05,8.35,8.05,8.35,8.02,0.33,4.1147,84536.45,69204.401
002636.SZ,20241120,8.33,8.43,8.29,8.39,8.35,0.04,0.479,70629.6,59147.081
002636.SZ,20241121,8.37,8.42,8.19,8.32,8.39,-0.07,-0.8343,62920.61,52342.401
002636.SZ,20241122,8.27,8.36,8.0,8.0,8.32,-0.32,-3.8462,71048.0,58144.6
002636.SZ,20241125,7.99,8.08,7.86,8.08,8.0,0.08,1.0,71391.02,56946.883
002636.SZ,20241126,8.06,8.17,7.97,8.0,8.08,-0.08,-0.9901,45962.19,37054.009
002636.SZ,20241127,7.99,8.16,7.76,8.16,8.0,0.16,2.0,65476.89,52099.166
002636.SZ,20241128,8.19,8.22,8.04,8.11,8.16,-0.05,-0.6127,57669.0,47072.847
002636.SZ,20241129,8.07,8.22,8.0,8.16,8.11,0.05,0.6165,66874.03,54383.021
002636.SZ,20241202,8.19,8.4,8.17,8.35,8.16,0.19,2.3284,80684.72,66912.705
002636.SZ,20241203,8.37,8.4,8.24,8.38,8.35,0.03,0.3593,60816.24,50667.055
002636.SZ,20241204,8.35,8.45,8.19,8.23,8.38,-0.15,-1.79,65774.0,54767.354
002636.SZ,20241205,8.23,8.39,8.19,8.38,8.23,0.15,1.8226,56200.02,46919.911
002636.SZ,20241206,8.38,8.55,8.35,8.51,8.38,0.13,1.5513,85954.85,72880.894
002636.SZ,20241209,8.58,8.67,8.44,8.55,8.51,0.04,0.47,73358.58,62845.803
002636.SZ,20241210,8.77,8.8,8.45,8.49,8.55,-0.06,-0.7018,89398.01,76823.743
002636.SZ,20241211,8.46,8.64,8.42,8.59,8.49,0.1,1.1779,66401.57,56815.436
002636.SZ,20241212,8.62,8.66,8.53,8.64,8.59,0.05,0.5821,66651.0,57396.642
002636.SZ,20241213,8.57,8.65,8.47,8.5,8.64,-0.14,-1.6204,61629.0,52677.733
002636.SZ,20241216,8.55,8.59,8.38,8.45,8.5,-0.05,-0.5882,54723.0,46446.777
002636.SZ,20241217,8.49,8.52,8.18,8.21,8.45,-0.24,-2.8402,69663.2,57946.152
002636.SZ,20241218,8.29,8.43,8.06,8.37,8.21,0.16,1.9488,62884.43,52220.656
002636.SZ,20241219,8.3,8.58,8.26,8.56,8.37,0.19,2.27,70038.8,59138.507
002636.SZ,20241220,8.51,8.8,8.48,8.72,8.56,0.16,1.8692,104157.0,90625.863
002636.SZ,20241223,8.7,8.74,8.24,8.29,8.72,-0.43,-4.9312,91946.2,77684.495
002636.SZ,20241224,8.5,8.56,8.17,8.33,8.29,0.04,0.4825,70486.62,58649.7
002636.SZ,20241225,8.26,8.34,8.01,8.14,8.33,-0.19,-2.2809,66009.15,53711.775
002636.SZ,20241226,8.09,8.37,8.08,8.34,8.14,0.2,2.457,61678.8,51227.992
002636.SZ,20241227,8.32,8.5,8.26,8.37,8.34,0.03,0.3597,55249.8,46481.202
002636.SZ,20241230,8.3,8.46,8.13,8.28,8.37,-0.09,-1.0753,51968.0,43217.077
002636.SZ,20241231,8.28,8.34,7.72,7.74,8.28,-0.54,-6.5217,107796.0,85826.071
002636.SZ,20250102,7.75,7.77,7.35,7.45,7.74,-0.29,-3.7468,77180.02,58505.896
002636.SZ,20250103,7.48,7.54,7.08,7.11,7.45,-0.34,-4.5638,72466.09,52712.273
002636.SZ,20250106,7.12,7.14,6.83,7.03,7.11,-0.08,-1.1252,63233.13,44379.208
002636.SZ,20250107,6.99,7.35,6.99,7.35,7.03,0.32,4.5519,57974.0,41743.742
002636.SZ,20250108,7.35,7.35,6.95,7.19,7.35,-0.16,-2.1769,66538.31,47611.408
002636.SZ,20250109,7.2,7.63,7.18,7.43,7.19,0.24,3.338,97036.39,72428.128
002636.SZ,20250110,7.32,7.47,7.07,7.09,7.43,-0.34,-4.576,70746.0,51561.433
002636.SZ,20250113,6.99,7.05,6.8,7.01,7.09,-0.08,-1.1283,58327.6,40503.183
002636.SZ,20250114,7.05,7.71,7.04,7.71,7.01,0.7,9.9857,95983.42,71462.227
002636.SZ,20250115,8.48,8.48,8.48,8.48,7.71,0.77,9.987,130858.0,110967.584
002636.SZ,20250116,8.53,9.33,8.34,9.33,8.48,0.85,10.0236,693500.54,629685.867
002636.SZ,20250117,9.38,10.26,9.38,10.26,9.33,0.93,9.9678,548011.81,541949.387
002636.SZ,20250120,11.29,11.29,11.29,11.29,10.26,1.03,10.039,156087.19,176222.438
002636.SZ,20250121,10.95,12.42,10.49,11.3,11.29,0.01,0.0886,1339326.93,1548943.883
002636.SZ,20250122,10.47,11.67,10.17,10.17,11.3,-1.13,-10.0,1087011.44,1156598.186
002636.SZ,20250123,9.81,10.0,9.15,9.15,10.17,-1.02,-10.0295,782880.16,736054.878
002636.SZ,20250124,8.62,8.75,8.33,8.56,9.15,-0.59,-6.4481,677029.67,576090.51
002636.SZ,20250127,8.57,8.82,8.19,8.19,8.56,-0.37,-4.3224,442681.06,374230.342
002636.SZ,20250205,8.39,8.42,8.19,8.29,8.19,0.1,1.221,319488.12,264390.997
002636.SZ,20250206,8.3,8.49,8.25,8.49,8.29,0.2,2.4125,336887.52,283196.088
002636.SZ,20250207,8.54,8.8,8.5,8.68,8.49,0.19,2.2379,441655.64,382898.783
002636.SZ,20250210,8.7,8.89,8.62,8.88,8.68,0.2,2.3041,311020.24,272018.273
002636.SZ,20250211,8.87,8.91,8.76,8.82,8.88,-0.06,-0.6757,281380.01,248627.891
002636.SZ,20250212,8.77,8.92,8.74,8.91,8.82,0.09,1.0204,215515.97,190969.306
002636.SZ,20250213,8.89,8.91,8.66,8.69,8.91,-0.22,-2.4691,235481.0,206090.915
002636.SZ,20250214,8.65,8.76,8.56,8.63,8.69,-0.06,-0.6904,171519.0,148693.279
002636.SZ,20250217,8.61,9.22,8.6,9.18,8.63,0.55,6.3731,490372.96,441792.243
002636.SZ,20250218,9.08,9.3,8.99,9.06,9.18,-0.12,-1.3072,416309.36,380515.113
002636.SZ,20250219,9.05,9.15,9.0,9.13,9.06,0.07,0.7726,235911.98,214282.045
002636.SZ,20250220,9.07,10.04,9.04,10.04,9.13,0.91,9.9671,399538.37,377875.004
002636.SZ,20250221,10.04,10.04,9.66,9.69,10.04,-0.35,-3.4861,502111.82,489851.289
002636.SZ,20250224,9.69,9.84,9.61,9.65,9.69,-0.04,-0.4128,277429.93,269235.533
002636.SZ,20250225,9.49,9.88,9.35,9.74,9.65,0.09,0.9326,271811.28,263876.904
002636.SZ,20250226,9.75,10.08,9.65,9.83,9.74,0.09,0.924,260626.0,256956.959
002636.SZ,20250227,9.79,9.88,9.46,9.72,9.83,-0.11,-1.119,231757.0,224315.706
002636.SZ,20250228,9.66,9.73,9.15,9.18,9.72,-0.54,-5.5556,178569.75,167381.746
002636.SZ,20250303,9.18,9.4,9.05,9.19,9.18,0.01,0.1089,154387.01,142724.43
002636.SZ,20250304,9.11,9.42,9.07,9.38,9.19,0.19,2.0675,119799.0,111238.522
002636.SZ,20250305,9.38,9.66,9.23,9.57,9.38,0.19,2.0256,196844.0,186408.493
002636.SZ,20250306,9.6,9.66,9.48,9.58,9.57,0.01,0.1045,188349.06,180301.721
002636.SZ,20250307,9.5,9.61,9.38,9.47,9.58,-0.11,-1.1482,124309.0,118270.22
002636.SZ,20250310,9.48,9.63,9.44,9.56,9.47,0.09,0.9504,120531.03,114875.652
002636.SZ,20250311,9.52,9.76,9.42,9.57,9.56,0.01,0.1046,221365.85,212366.116
002636.SZ,20250312,9.56,9.65,9.32,9.37,9.57,-0.2,-2.0899,228266.85,216876.483
002636.SZ,20250313,9.3,9.35,9.08,9.22,9.37,-0.15,-1.6009,151344.77,139260.335
002636.SZ,20250314,9.21,9.53,9.11,9.44,9.22,0.22,2.3861,152984.0,143409.858
002636.SZ,20250317,9.44,9.72,9.32,9.55,9.44,0.11,1.1653,172318.0,164094.834
002636.SZ,20250318,9.57,9.7,9.5,9.68,9.55,0.13,1.3613,197399.1,190217.666
002636.SZ,20250319,9.65,9.65,9.32,9.4,9.68,-0.28,-2.8926,152580.0,143701.648
002636.SZ,20250320,9.39,9.59,9.33,9.56,9.4,0.16,1.7021,154071.03,146488.513
002636.SZ,20250321,9.49,9.59,9.06,9.09,9.56,-0.47,-4.9163,158575.0,146926.723
002636.SZ,20250324,9.09,9.27,8.64,8.88,9.09,-0.21,-2.3102,132383.0,118082.289
002636.SZ,20250325,8.88,8.95,8.64,8.71,8.88,-0.17,-1.9144,89614.0,78583.612
002636.SZ,20250326,8.68,8.89,8.68,8.85,8.71,0.14,1.6073,66049.0,58246.834
002636.SZ,20250327,8.84,9.0,8.67,8.86,8.85,0.01,0.113,79219.0,70104.947
002636.SZ,20250328,8.86,8.92,8.68,8.68,8.86,-0.18,-2.0316,58288.0,51098.747
002636.SZ,20250331,8.68,8.74,8.48,8.69,8.68,0.01,0.1152,74731.0,64257.962
002636.SZ,20250401,8.67,8.8,8.66,8.7,8.69,0.01,0.1151,56888.0,49706.967
002636.SZ,20250402,8.7,8.98,8.7,8.8,8.7,0.1,1.1494,77918.6,68843.784
002636.SZ,20250403,8.7,8.81,8.49,8.55,8.8,-0.25,-2.8409,77637.0,66992.131
002636.SZ,20250407,7.88,8.04,7.7,7.7,8.55,-0.85,-9.9415,74941.0,58149.428
002636.SZ,20250408,7.34,7.68,6.93,7.02,7.7,-0.68,-8.8312,215468.59,153600.919
002636.SZ,20250409,6.92,7.32,6.44,7.19,7.02,0.17,2.4217,146908.03,102128.145
002636.SZ,20250410,7.36,7.63,7.36,7.45,7.19,0.26,3.6161,114643.03,86246.345
002636.SZ,20250411,7.42,7.66,7.36,7.56,7.45,0.11,1.4765,82034.0,62007.72
002636.SZ,20250414,7.75,7.89,7.7,7.74,7.56,0.18,2.381,77875.0,60595.181
002636.SZ,20250415,7.75,7.82,7.64,7.74,7.74,0.0,0.0,62324.01,48032.109
002636.SZ,20250416,7.68,7.73,7.4,7.54,7.74,-0.2,-2.584,65924.0,49863.178
002636.SZ,20250417,7.49,7.72,7.45,7.62,7.54,0.08,1.061,49429.78,37805.472
002636.SZ,20250418,7.56,7.79,7.56,7.75,7.62,0.13,1.706,64718.18,49784.415
002636.SZ,20250421,7.74,8.53,7.65,8.09,7.75,0.34,4.3871,225722.98,183078.41
002636.SZ,20250422,8.11,8.15,7.9,7.9,8.09,-0.19,-2.3486,145368.35,115595.683
002636.SZ,20250423,7.96,8.08,7.95,7.98,7.9,0.08,1.0127,84723.58,67760.409
002636.SZ,20250424,7.98,8.01,7.8,7.85,7.98,-0.13,-1.6291,72487.03,57170.329
002636.SZ,20250425,7.87,7.97,7.81,7.92,7.85,0.07,0.8917,52256.03,41320.113
002636.SZ,20250428,7.92,7.94,7.78,7.81,7.92,-0.11,-1.3889,49596.0,38884.451
002636.SZ,20250429,7.91,8.08,7.87,8.01,7.81,0.2,2.5608,81407.61,65167.618
002636.SZ,20250430,8.01,8.17,8.01,8.11,8.01,0.1,1.2484,74415.0,60424.1
002636.SZ,20250506,8.19,8.33,8.17,8.33,8.11,0.22,2.7127,80942.0,66974.072
002636.SZ,20250507,8.44,8.46,8.27,8.39,8.33,0.06,0.7203,88574.0,74096.887
002636.SZ,20250508,8.36,8.53,8.34,8.5,8.39,0.11,1.3111,60503.0,51302.776
002636.SZ,20250509,8.49,8.5,8.35,8.39,8.5,-0.11,-1.2941,56555.19,47626.06
002636.SZ,20250512,8.47,8.55,8.44,8.5,8.39,0.11,1.3111,54987.0,46681.419
002636.SZ,20250513,8.56,8.63,8.46,8.49,8.5,-0.01,-0.1176,58133.0,49604.107
002636.SZ,20250514,8.49,8.59,8.42,8.49,8.49,0.0,0.0,59847.0,50871.986
002636.SZ,20250515,8.45,8.48,8.34,8.34,8.49,-0.15,-1.7668,62161.0,52149.427
002636.SZ,20250516,8.31,8.47,8.29,8.38,8.34,0.04,0.4796,54688.17,45991.83
002636.SZ,20250519,8.38,8.55,8.27,8.51,8.38,0.13,1.5513,68694.6,57850.611
002636.SZ,20250520,8.52,8.58,8.43,8.57,8.51,0.06,0.7051,46254.4,39454.766
002636.SZ,20250521,8.52,8.54,8.39,8.45,8.57,-0.12,-1.4002,39868.0,33705.165
002636.SZ,20250522,8.44,8.57,8.35,8.37,8.45,-0.08,-0.9467,47443.29,40007.581
002636.SZ,20250523,8.37,8.47,8.27,8.27,8.37,-0.1,-1.1947,55384.0,46272.858
002636.SZ,20250526,8.26,8.5,8.25,8.43,8.27,0.16,1.9347,54968.0,46224.762
002636.SZ,20250527,8.43,8.47,8.31,8.44,8.43,0.01,0.1186,60913.29,51158.232
002636.SZ,20250528,8.43,8.5,8.32,8.36,8.44,-0.08,-0.9479,39006.0,32658.046
002636.SZ,20250529,8.32,8.52,8.25,8.49,8.28,0.21,2.5362,63305.77,53569.162
002636.SZ,20250530,8.47,8.48,8.28,8.3,8.49,-0.19,-2.2379,54070.0,45106.646
002636.SZ,20250603,8.26,8.42,8.26,8.38,8.3,0.08,0.9639,46434.0,38901.344
002636.SZ,20250604,8.36,8.58,8.35,8.56,8.38,0.18,2.148,59903.0,51067.411
002636.SZ,20250605,8.58,9.0,8.48,8.88,8.56,0.32,3.7383,212672.0,187290.113
002636.SZ,20250606,8.79,8.87,8.73,8.81,8.88,-0.07,-0.7883,112045.29,98457.436
002636.SZ,20250609,8.81,8.89,8.78,8.82,8.81,0.01,0.1135,71516.04,63129.53
002636.SZ,20250610,8.82,8.86,8.62,8.73,8.82,-0.09,-1.0204,78621.72,68740.664
002636.SZ,20250611,8.75,8.88,8.72,8.78,8.73,0.05,0.5727,63254.64,55768.998
002636.SZ,20250612,8.76,8.92,8.69,8.83,8.78,0.05,0.5695,65551.74,57992.503
002636.SZ,20250613,8.79,8.85,8.62,8.69,8.83,-0.14,-1.5855,69246.0,60332.867
002636.SZ,20250616,8.59,8.8,8.57,8.72,8.69,0.03,0.3452,51603.0,45143.884
002636.SZ,20250617,8.72,8.79,8.65,8.71,8.72,-0.01,-0.1147,43719.0,38040.963
002636.SZ,20250618,8.71,9.18,8.64,9.08,8.71,0.37,4.248,237260.97,212973.892
002636.SZ,20250619,8.9,9.43,8.9,9.33,9.08,0.25,2.7533,449326.47,416090.01
002636.SZ,20250620,9.26,9.33,9.02,9.1,9.33,-0.23,-2.4652,279631.98,255436.317
002636.SZ,20250623,8.92,9.38,8.81,9.28,9.1,0.18,1.978,264292.2,242708.781
002636.SZ,20250624,9.26,9.38,9.18,9.23,9.28,-0.05,-0.5388,223699.85,206901.995
002636.SZ,20250625,9.23,9.27,9.07,9.14,9.23,-0.09,-0.9751,173303.0,158433.556
002636.SZ,20250626,9.13,9.5,9.09,9.21,9.14,0.07,0.7659,216611.6,200536.784
002636.SZ,20250627,9.25,9.42,9.14,9.33,9.21,0.12,1.3029,197771.74,183560.731
002636.SZ,20250630,9.33,9.53,9.33,9.48,9.33,0.15,1.6077,187310.0,176831.461
002636.SZ,20250701,9.49,9.83,9.33,9.78,9.48,0.3,3.1646,281937.2,270198.461
002636.SZ,20250702,9.67,9.69,9.31,9.37,9.78,-0.41,-4.1922,194017.0,182730.058
002636.SZ,20250703,9.34,10.31,9.34,10.31,9.37,0.94,10.032,343854.96,347941.476
002636.SZ,20250704,11.34,11.34,11.34,11.34,10.31,1.03,9.9903,63891.77,72453.267
002636.SZ,20250707,11.23,12.47,10.99,12.47,11.34,1.13,9.9647,835765.5,1012585.208
002636.SZ,20250708,12.86,13.72,12.3,13.72,12.47,1.25,10.0241,635533.62,835302.81
002636.SZ,20250709,15.09,15.09,15.09,15.09,13.72,1.37,9.9854,71643.79,108110.479
002636.SZ,20250710,16.6,16.6,14.97,15.15,15.09,0.06,0.3976,1736470.63,2785402.995
002636.SZ,20250711,14.51,14.79,13.64,13.64,15.15,-1.51,-9.967,1539655.74,2144220.594
002636.SZ,20250714,12.81,12.98,12.33,12.36,13.64,-1.28,-9.3842,1070431.0,1349014.266
002636.SZ,20250715,12.55,12.82,12.19,12.36,12.36,0.0,0.0,885008.74,1110041.267
002636.SZ,20250716,12.25,12.34,11.92,12.08,12.36,-0.28,-2.2654,648448.14,784661.833
002636.SZ,20250717,12.0,12.63,11.99,12.42,12.08,0.34,2.8146,676083.37,836580.661
002636.SZ,20250718,12.3,12.49,12.08,12.08,12.42,-0.34,-2.7375,557879.87,681344.239
002636.SZ,20250721,12.1,12.38,11.98,12.34,12.08,0.26,2.1523,493370.5,600830.458
002636.SZ,20250722,12.26,12.44,12.0,12.06,12.34,-0.28,-2.269,399806.86,486685.075
002636.SZ,20250723,11.93,12.09,11.8,11.82,12.06,-0.24,-1.99,288011.44,342708.836
002636.SZ,20250724,11.81,12.02,11.77,11.88,11.82,0.06,0.5076,262543.4,311578.572
002636.SZ,20250725,11.85,11.96,11.67,11.69,11.88,-0.19,-1.5993,260886.68,306681.697
002636.SZ,20250728,11.72,12.46,11.72,12.32,11.69,0.63,5.3892,627105.8,759310.441
002636.SZ,20250729,12.21,12.5,11.94,12.24,12.32,-0.08,-0.6494,437080.32,532356.541
002636.SZ,20250730,12.2,12.25,11.95,12.07,12.24,-0.17,-1.3889,239833.6,289935.047
002636.SZ,20250731,12.06,12.39,11.92,11.99,12.07,-0.08,-0.6628,379586.1,462232.046
002636.SZ,20250801,11.83,12.1,11.77,11.84,11.99,-0.15,-1.251,224873.91,267608.139
002636.SZ,20250804,11.7,11.87,11.67,11.84,11.84,0.0,0.0,161405.43,190080.123
002636.SZ,20250805,11.88,12.0,11.73,11.99,11.84,0.15,1.2669,198867.44,236223.061
002636.SZ,20250806,11.94,12.11,11.85,11.98,11.99,-0.01,-0.0834,147240.86,176218.613
002636.SZ,20250807,11.93,12.08,11.71,11.89,11.98,-0.09,-0.7513,195365.61,231927.348
002636.SZ,20250808,11.8,12.08,11.74,11.94,11.89,0.05,0.4205,145071.69,172830.862
002636.SZ,20250811,11.93,12.34,11.91,12.34,11.94,0.4,3.3501,329838.36,402607.464
002636.SZ,20250812,12.35,12.59,12.3,12.45,12.34,0.11,0.8914,418683.17,520704.335
002636.SZ,20250813,12.45,12.57,12.29,12.5,12.45,0.05,0.4016,335684.01,417036.455
002636.SZ,20250814,12.64,12.87,12.3,12.32,12.5,-0.18,-1.44,523464.97,656418.112
002636.SZ,20250815,12.19,13.55,12.19,13.55,12.32,1.23,9.9838,610381.43,789510.88
002636.SZ,20250818,14.08,14.29,13.58,13.66,13.55,0.11,0.8118,1075867.96,1494847.773
002636.SZ,20250819,13.55,13.68,13.18,13.38,13.66,-0.28,-2.0498,610884.97,818856.081
002636.SZ,20250820,13.25,13.97,13.04,13.5,13.38,0.12,0.8969,542324.04,733005.799
002636.SZ,20250821,13.28,13.49,13.05,13.16,13.5,-0.34,-2.5185,336479.19,443721.721
002636.SZ,20250822,13.14,13.65,13.1,13.4,13.16,0.24,1.8237,446564.34,599004.103
002636.SZ,20250825,13.6,13.86,13.35,13.86,13.4,0.46,3.4328,661691.42,900005.251
002636.SZ,20250826,13.79,14.5,13.4,14.18,13.86,0.32,2.3088,734709.39,1026595.697
002636.SZ,20250827,13.83,14.05,13.22,13.27,14.18,-0.91,-6.4175,565397.95,776366.53
002636.SZ,20250828,13.21,14.6,12.99,14.6,13.27,1.33,10.0226,576973.13,794755.007
002636.SZ,20250829,15.09,15.38,14.2,14.23,14.6,-0.37,-2.5342,877689.39,1291277.143
002636.SZ,20250901,14.2,14.31,13.8,13.9,14.23,-0.33,-2.319,444915.28,623414.766
002636.SZ,20250902,13.96,13.99,13.06,13.11,13.9,-0.79,-5.6835,383934.9,515142.924
002636.SZ,20250903,13.2,13.2,12.34,12.4,13.11,-0.71,-5.4157,322625.6,407922.995
002636.SZ,20250904,12.36,12.76,11.82,12.07,12.4,-0.33,-2.6613,265400.71,327036.894
002636.SZ,20250905,12.09,12.56,11.95,12.53,12.07,0.46,3.8111,228519.77,280916.279
002636.SZ,20250908,12.47,12.59,12.26,12.46,12.53,-0.07,-0.5587,198163.47,245815.801
002636.SZ,20250909,12.41,12.45,11.92,11.99,12.46,-0.47,-3.7721,173776.01,211114.61
002636.SZ,20250910,12.08,12.48,12.0,12.33,11.99,0.34,2.8357,211801.47,260184.916
002636.SZ,20250911,12.3,13.56,12.3,13.56,12.33,1.23,9.9757,235215.3,310889.532
002636.SZ,20250912,13.56,14.13,13.31,13.67,13.56,0.11,0.8112,692783.19,947933.496
002636.SZ,20250915,13.43,13.48,13.09,13.4,13.67,-0.27,-1.9751,371011.75,494516.214
002636.SZ,20250916,13.34,13.55,13.17,13.47,13.4,0.07,0.5224,261814.0,351385.206
002636.SZ,20250917,13.54,13.55,13.17,13.32,13.47,-0.15,-1.1136,203944.35,271602.121
002636.SZ,20250918,13.3,13.7,13.05,13.34,13.32,0.02,0.1502,323012.46,432125.84
002636.SZ,20250919,13.3,13.36,12.91,13.01,13.34,-0.33,-2.4738,208235.03,273117.349
002636.SZ,20250922,13.01,13.12,12.89,13.06,13.01,0.05,0.3843,131826.72,171594.187
002636.SZ,20250923,13.09,13.44,12.57,12.91,13.06,-0.15,-1.1485,223580.24,289137.299
002636.SZ,20250924,12.66,12.95,12.58,12.9,12.91,-0.01,-0.0775,148348.0,189676.869
002636.SZ,20250925,12.85,13.0,12.72,12.73,12.9,-0.17,-1.3178,145665.9,187079.839
002636.SZ,20250926,12.61,12.67,12.18,12.19,12.73,-0.54,-4.2419,178166.48,220431.39
002636.SZ,20250929,12.21,12.48,12.12,12.43,12.19,0.24,1.9688,116493.53,143816.277
002636.SZ,20250930,12.44,12.55,12.23,12.25,12.43,-0.18,-1.4481,120373.07,148265.325
002636.SZ,20251009,12.4,12.63,12.26,12.27,12.25,0.02,0.1633,122848.0,152317.092
002636.SZ,20251010,12.28,12.3,12.06,12.08,12.27,-0.19,-1.5485,111756.92,136003.691
002636.SZ,20251013,11.6,12.48,11.25,12.27,12.08,0.19,1.5728,179830.27,215076.735
002636.SZ,20251014,12.4,13.5,12.4,13.5,12.27,1.23,10.0244,301490.35,400029.464
002636.SZ,20251015,13.05,13.45,12.93,13.45,13.5,-0.05,-0.3704,531837.73,700481.82
002636.SZ,20251016,13.3,14.0,13.2,13.8,13.45,0.35,2.6022,645334.51,886642.903
002636.SZ,20251017,13.65,13.68,12.95,13.04,13.8,-0.76,-5.5072,371981.41,492193.479
002636.SZ,20251020,13.23,13.34,12.87,13.06,13.04,0.02,0.1534,226293.77,295868.995
002636.SZ,20251021,13.06,13.55,12.83,13.33,13.06,0.27,2.0674,327015.98,431217.001
002636.SZ,20251022,13.2,13.88,12.92,13.55,13.33,0.22,1.6504,397534.84,534029.368
002636.SZ,20251023,13.4,13.7,13.31,13.54,13.55,-0.01,-0.0738,233420.11,314626.175
002636.SZ,20251024,13.77,14.68,13.63,13.91,13.54,0.37,2.7326,498381.77,697935.858
002636.SZ,20251027,14.11,14.2,13.79,14.15,13.91,0.24,1.7254,411703.12,576532.845
002636.SZ,20251028,14.01,15.57,13.93,14.99,14.15,0.84,5.9364,945031.74,1415108.189
002636.SZ,20251029,14.96,16.23,14.96,15.54,14.99,0.55,3.6691,766318.83,1199139.939
002636.SZ,20251030,15.32,15.4,14.66,14.95,15.54,-0.59,-3.7967,617868.0,924373.446
002636.SZ,20251031,16.45,16.45,16.17,16.45,14.95,1.5,10.0334,351604.94,578103.735
002636.SZ,20251103,15.85,15.85,14.81,14.81,16.45,-1.64,-9.9696,700416.14,1045391.832
002636.SZ,20251104,14.52,14.98,14.02,14.41,14.81,-0.4,-2.7009,570120.83,820747.657
002636.SZ,20251105,14.15,15.85,14.02,15.85,14.41,1.44,9.9931,663228.02,999839.3
002636.SZ,20251106,15.96,17.42,15.63,16.98,15.85,1.13,7.1293,955459.94,1583017.324
002636.SZ,20251107,16.48,17.37,16.29,16.36,16.98,-0.62,-3.6514,721430.4,1201547.057
002636.SZ,20251110,16.4,18.0,16.36,18.0,16.36,1.64,10.0244,270957.56,475653.177
002636.SZ,20251111,19.44,19.44,16.59,16.7,18.0,-1.3,-7.2222,1083642.41,1890540.617
002636.SZ,20251112,16.61,17.78,16.61,17.72,16.7,1.02,6.1078,800007.47,1378062.143
002636.SZ,20251113,17.59,17.65,17.0,17.16,17.72,-0.56,-3.1603,632136.99,1092241.321
002636.SZ,20251114,16.81,17.24,16.44,16.66,17.16,-0.5,-2.9138,354009.23,593181.668
002636.SZ,20251117,16.8,16.95,15.96,16.11,16.66,-0.55,-3.3013,365929.85,595731.156
002636.SZ,20251118,16.05,16.23,15.83,15.94,16.11,-0.17,-1.0552,238114.03,381195.007
002636.SZ,20251119,16.1,16.11,15.05,15.18,15.94,-0.76,-4.7679,325136.31,500926.956
002636.SZ,20251120,15.53,15.75,15.01,15.08,15.18,-0.1,-0.6588,217876.13,333493.196
002636.SZ,20251121,14.79,14.93,14.12,14.13,15.08,-0.95,-6.2997,251545.3,362345.345
002636.SZ,20251124,14.2,14.47,13.94,14.34,14.13,0.21,1.4862,197869.1,282075.347
002636.SZ,20251125,14.48,15.28,14.42,14.93,14.34,0.59,4.1144,250511.04,373575.48
002636.SZ,20251126,14.8,15.03,14.56,14.82,14.93,-0.11,-0.7368,203843.0,301902.644
002636.SZ,20251127,15.77,16.3,15.12,16.3,14.82,1.48,9.9865,340428.24,539805.818
002636.SZ,20251128,15.57,15.91,15.35,15.67,16.3,-0.63,-3.865,581340.76,904296.347
002636.SZ,20251201,15.67,17.19,15.67,16.54,15.67,0.87,5.552,654555.18,1078275.713
002636.SZ,20251202,16.49,16.52,16.14,16.21,16.54,-0.33,-1.9952,318191.61,518324.625
002636.SZ,20251203,16.35,16.56,15.81,15.88,16.21,-0.33,-2.0358,337132.08,543940.228
002636.SZ,20251204,15.65,15.87,15.55,15.6,15.88,-0.28,-1.7632,230765.51,361493.356
002636.SZ,20251205,15.66,15.99,15.45,15.86,15.6,0.26,1.6667,201677.12,318070.737
002636.SZ,20251208,15.71,16.5,15.62,16.18,15.86,0.32,2.0177,317704.19,513268.336
002636.SZ,20251209,16.01,17.3,15.97,16.75,16.18,0.57,3.5229,506317.42,843104.508
002636.SZ,20251210,16.45,16.79,16.25,16.78,16.75,0.03,0.1791,330422.58,546500.288
002636.SZ,20251211,16.79,16.88,16.12,16.12,16.78,-0.66,-3.9333,301474.83,493630.788
002636.SZ,20251212,16.13,16.33,15.75,15.98,16.12,-0.14,-0.8685,225808.2,362313.933
002636.SZ,20251215,15.74,15.96,15.52,15.74,15.98,-0.24,-1.5019,164681.05,259251.598
002636.SZ,20251216,15.7,15.73,15.11,15.33,15.74,-0.41,-2.6048,176324.41,270836.76
002636.SZ,20251217,15.38,16.04,15.2,15.94,15.33,0.61,3.9791,189627.54,296606.73
002636.SZ,20251218,15.8,15.9,15.13,15.16,15.94,-0.78,-4.8934,186007.32,286378.234
002636.SZ,20251219,15.47,15.82,14.93,14.96,15.16,-0.2,-1.3193,201629.44,304934.604
002636.SZ,20251222,15.03,16.1,15.03,15.83,14.96,0.87,5.8155,311134.26,485913.568
002636.SZ,20251223,15.77,16.36,15.75,16.19,15.83,0.36,2.2742,258837.15,417528.97
002636.SZ,20251224,16.36,16.88,16.1,16.66,16.19,0.47,2.903,294926.36,486531.918
002636.SZ,20251225,16.51,16.61,16.29,16.36,16.66,-0.3,-1.8007,186700.91,306381.726
002636.SZ,20251226,16.64,17.83,16.43,17.2,16.36,0.84,5.1345,455897.17,779605.514
002636.SZ,20251229,17.4,17.97,17.09,17.55,17.2,0.35,2.0349,349339.44,609720.06
002636.SZ,20251230,17.22,17.42,16.82,17.22,17.55,-0.33,-1.8803,211797.21,364739.544
002636.SZ,20251231,17.3,17.43,16.67,16.71,17.22,-0.51,-2.9617,196357.0,331116.749
002636.SZ,20260105,16.54,17.1,16.54,17.01,16.71,0.3,1.7953,226824.83,382273.532
002636.SZ,20260106,16.85,17.15,16.6,16.99,17.01,-0.02,-0.1176,206576.11,348353.925
002636.SZ,20260107,17.03,17.22,16.77,16.94,16.99,-0.05,-0.2943,251977.05,428936.097
002636.SZ,20260108,16.8,17.1,16.56,16.76,16.94,-0.18,-1.0626,196600.38,331107.389
002636.SZ,20260109,16.64,16.98,16.39,16.67,16.76,-0.09,-0.537,200084.61,333675.791
002636.SZ,20260112,16.78,16.83,16.24,16.6,16.67,-0.07,-0.4199,228605.4,377442.638
002636.SZ,20260113,16.58,16.63,15.93,16.03,16.6,-0.57,-3.4337,239263.54,388793.782
002636.SZ,20260114,16.02,16.75,16.01,16.4,16.03,0.37,2.3082,257389.9,420855.935
002636.SZ,20260115,16.3,18.04,16.12,18.04,16.4,1.64,10.0,479961.92,828094.311
002636.SZ,20260116,18.14,18.86,18.0,18.52,18.04,0.48,2.6608,706758.69,1301989.985
002636.SZ,20260119,18.96,20.37,18.96,20.37,18.52,1.85,9.9892,306283.5,615559.842
002636.SZ,20260120,20.98,22.41,20.24,20.52,20.37,0.15,0.7364,942623.86,2000978.508
002636.SZ,20260121,20.52,21.65,20.11,21.18,20.52,0.66,3.2164,578383.36,1217208.599
002636.SZ,20260122,23.3,23.3,23.3,23.3,21.18,2.12,10.0094,67357.91,156943.93
002636.SZ,20260123,24.9,25.63,24.19,25.63,23.3,2.33,10.0,811188.93,2050883.346
002636.SZ,20260126,25.51,27.13,25.23,26.36,25.63,0.73,2.8482,834326.74,2163826.87
002636.SZ,20260127,25.49,27.54,25.21,26.76,26.36,0.4,1.5175,608384.84,1612318.69
002636.SZ,20260128,26.55,26.94,25.49,26.42,26.76,-0.34,-1.2706,524885.7,1372627.791
002636.SZ,20260129,26.3,26.6,24.57,24.62,26.42,-1.8,-6.813,587970.7,1479408.931
002636.SZ,20260130,24.71,26.16,24.24,25.46,24.62,0.84,3.4119,426504.1,1081746.956
002636.SZ,20260202,25.34,25.58,24.27,24.28,25.46,-1.18,-4.6347,309681.93,766943.14
002636.SZ,20260203,24.67,24.76,23.79,24.45,24.28,0.17,0.7002,270701.96,657507.964
002636.SZ,20260204,24.18,24.34,23.44,24.01,24.45,-0.44,-1.7996,237015.94,564047.985
002636.SZ,20260205,23.92,24.35,23.12,23.46,24.01,-0.55,-2.2907,189393.46,446139.939
002636.SZ,20260206,23.12,24.3,23.02,23.59,23.46,0.13,0.5541,227459.17,537924.3
002636.SZ,20260209,24.47,24.76,23.8,24.3,23.59,0.71,3.0097,279009.63,678137.893
002636.SZ,20260210,24.3,25.49,24.27,24.85,24.3,0.55,2.2634,342872.75,856767.777
002636.SZ,20260211,25.2,27.34,24.88,26.6,24.85,1.75,7.0423,715398.37,1901799.929
002636.SZ,20260212,26.5,26.66,25.36,26.2,26.6,-0.4,-1.5038,479412.42,1251323.916
002636.SZ,20260213,25.55,26.59,25.45,25.51,26.2,-0.69,-2.6336,261318.47,674589.9
002636.SZ,20260224,25.66,26.56,25.5,25.67,25.51,0.16,0.6272,319333.41,827504.446
002636.SZ,20260225,25.67,27.34,25.5,27.12,25.67,1.45,5.6486,429804.74,1130917.655
002636.SZ,20260226,26.96,27.88,26.04,27.02,27.12,-0.1,-0.3687,482170.81,1303286.885
002636.SZ,20260227,26.36,27.75,26.1,27.25,27.02,0.23,0.8512,297658.15,806827.963
002636.SZ,20260302,26.72,27.57,26.12,27.27,27.25,0.02,0.0734,338358.82,910394.576
002636.SZ,20260303,29.0,29.45,26.81,26.96,27.27,-0.31,-1.1368,516019.69,1437906.637
002636.SZ,20260304,25.85,28.12,25.85,27.09,26.96,0.13,0.4822,342960.9,932659.589
002636.SZ,20260305,27.66,28.0,26.23,26.55,27.09,-0.54,-1.9934,346848.33,937643.233
002636.SZ,20260306,26.6,27.1,25.7,26.0,26.55,-0.55,-2.0716,232642.23,611536.109
002636.SZ,20260309,25.27,25.5,23.81,25.34,26.0,-0.66,-2.5385,281231.97,691559.052
002636.SZ,20260310,26.13,27.87,26.0,27.87,25.34,2.53,9.9842,161749.12,439376.465
002636.SZ,20260311,28.91,30.3,28.4,28.6,27.87,0.73,2.6193,619110.8,1803194.156
002636.SZ,20260312,28.73,30.2,27.64,27.89,28.6,-0.71,-2.4825,426973.41,1229531.381
002636.SZ,20260313,27.59,29.98,27.59,29.05,27.89,1.16,4.1592,466596.64,1352541.924
002636.SZ,20260316,29.2,31.96,28.16,31.96,29.05,2.91,10.0172,497894.67,1507037.411
002636.SZ,20260317,32.86,32.98,30.11,32.42,31.96,0.46,1.4393,658221.32,2081474.558
002636.SZ,20260318,31.82,35.0,31.5,34.8,32.42,2.38,7.3411,762698.14,2563355.128
002636.SZ,20260319,33.0,34.34,32.32,33.6,34.8,-1.2,-3.4483,513078.03,1714749.636
002636.SZ,20260320,34.0,34.48,31.2,31.3,33.6,-2.3,-6.8452,531035.33,1739280.736
002636.SZ,20260323,30.04,30.7,28.17,28.17,31.3,-3.13,-10.0,491310.98,1432725.753
002636.SZ,20260324,28.51,30.99,27.88,30.99,28.17,2.82,10.0106,507036.68,1483494.588
002636.SZ,20260325,31.26,32.99,30.71,31.4,30.99,0.41,1.323,482764.19,1536625.821
002636.SZ,20260326,31.25,32.45,31.04,31.87,31.4,0.47,1.4968,347119.24,1100179.952
002636.SZ,20260327,30.61,31.8,30.2,31.26,31.87,-0.61,-1.914,277682.27,861834.262
002636.SZ,20260330,30.36,33.15,30.36,32.21,31.26,0.95,3.039,380774.38,1223102.175
002636.SZ,20260331,32.0,32.55,29.93,30.15,32.21,-2.06,-6.3955,402876.81,1247063.639
002636.SZ,20260401,31.61,33.17,30.8,31.43,30.15,1.28,4.2454,541237.6,1742204.402
002636.SZ,20260402,30.0,30.85,29.0,29.03,31.43,-2.4,-7.636,466050.46,1385325.83
002636.SZ,20260403,29.16,29.59,27.88,29.25,29.03,0.22,0.7578,376982.11,1087949.833
002636.SZ,20260407,30.04,32.18,29.58,31.81,29.25,2.56,8.7521,534591.65,1664219.488
002636.SZ,20260408,32.39,34.2,31.99,33.81,31.81,2.0,6.2873,505830.18,1671513.385
002636.SZ,20260409,33.85,37.19,33.72,37.19,33.81,3.38,9.997,629186.42,2294791.92
002636.SZ,20260410,38.11,38.88,35.47,35.93,37.19,-1.26,-3.388,777247.74,2846857.6
002636.SZ,20260413,36.01,37.58,36.01,36.6,35.93,0.67,1.8647,462530.97,1696695.693
002636.SZ,20260414,37.0,39.48,36.23,38.79,36.6,2.19,5.9836,600158.43,2286295.971
002636.SZ,20260415,38.36,39.79,37.26,37.47,38.79,-1.32,-3.4029,490654.84,1869774.374
002636.SZ,20260416,37.06,39.2,36.43,38.74,37.47,1.27,3.3894,404813.51,1548555.383
002636.SZ,20260417,38.72,39.92,38.15,38.9,38.74,0.16,0.413,439215.32,1715232.876
002636.SZ,20260420,39.45,39.98,38.69,39.57,38.9,0.67,1.7224,379841.19,1495624.703
002636.SZ,20260421,38.8,42.0,38.38,41.88,39.57,2.31,5.8378,483486.99,1944291.528
002636.SZ,20260422,41.65,46.07,41.0,46.07,41.88,4.19,10.0048,439100.59,1922804.089
002636.SZ,20260423,46.93,47.37,42.01,43.25,46.07,-2.82,-6.1211,605856.4,2671778.744
002636.SZ,20260424,42.51,43.18,40.67,41.33,43.25,-1.92,-4.4393,405808.57,1689844.574
002636.SZ,20260427,42.38,45.18,41.66,44.1,41.33,2.77,6.7022,424812.29,1856870.622
002636.SZ,20260428,45.0,48.51,44.34,46.28,44.1,2.18,4.9433,805140.66,3751355.717
002636.SZ,20260429,45.35,48.26,45.0,45.34,46.28,-0.94,-2.0311,679054.96,3133686.621
002636.SZ,20260430,45.82,47.4,44.01,44.9,45.34,-0.44,-0.9704,462612.84,2098062.291
002636.SZ,20260506,45.58,47.75,43.5,46.56,44.9,1.66,3.6971,628663.46,2883989.778
002636.SZ,20260507,46.99,50.22,45.82,49.51,46.56,2.95,6.3359,521545.7,2530859.466
002636.SZ,20260508,49.02,49.82,47.28,47.93,49.51,-1.58,-3.1913,458775.37,2206105.522
002636.SZ,20260511,47.99,49.35,46.67,48.5,47.93,0.57,1.1892,418904.07,2004307.082
002636.SZ,20260512,47.5,48.0,45.29,46.53,48.5,-1.97,-4.0619,377126.94,1757557.196
002636.SZ,20260513,45.01,48.0,44.79,46.61,46.53,0.08,0.1719,364607.92,1708891.467
002636.SZ,20260514,46.7,47.59,45.0,45.29,46.61,-1.32,-2.832,320590.58,1476200.863
002636.SZ,20260515,45.0,45.68,42.01,42.9,45.29,-2.39,-5.2771,341614.65,1482595.364
002636.SZ,20260518,42.69,43.91,42.08,43.77,42.9,0.87,2.028,249734.5,1081397.527
002636.SZ,20260519,43.02,44.5,41.8,44.08,43.77,0.31,0.7082,276264.87,1197726.193
002636.SZ,20260520,43.87,44.8,42.81,44.75,44.08,0.67,1.52,289499.3,1277676.292
002636.SZ,20260521,45.31,46.45,42.59,42.68,44.75,-2.07,-4.6257,399094.73,1795340.226
002636.SZ,20260522,43.0,46.9,43.0,46.27,42.68,3.59,8.4114,492933.42,2237913.074
002636.SZ,20260525,45.9,47.57,45.38,45.61,46.27,-0.66,-1.4264,433127.66,1999448.944
002636.SZ,20260526,44.69,47.55,42.89,47.55,45.61,1.94,4.2535,540448.33,2470734.176
002636.SZ,20260527,47.08,50.68,46.08,48.76,47.55,1.21,2.5447,574761.38,2796144.646
002636.SZ,20260528,47.4,53.5,47.34,53.5,48.64,4.86,9.9918,673365.81,3440859.023
002636.SZ,20260529,55.0,56.8,53.02,53.51,53.5,0.01,0.0187,706168.17,3869438.918
002636.SZ,20260601,53.0,53.51,48.17,49.87,53.51,-3.64,-6.8025,573756.84,2883226.402
002636.SZ,20260602,49.59,51.31,46.8,50.63,49.87,0.76,1.524,512994.57,2533650.349
002636.SZ,20260603,50.48,53.28,50.0,51.73,50.63,1.1,2.1726,560084.92,2887824.153
002636.SZ,20260604,50.0,54.37,49.38,54.0,51.73,2.27,4.3882,546874.88,2838358.578
002636.SZ,20260605,53.99,59.4,52.8,58.16,54.0,4.16,7.7037,887279.0,5174580.791
002636.SZ,20260608,58.07,63.98,57.09,63.98,58.16,5.82,10.0069,401265.32,2462714.91
002636.SZ,20260609,70.38,70.38,68.4,70.38,63.98,6.4,10.0031,143508.94,1006174.43482
002636.SZ,20260610,76.0,77.42,74.46,77.42,70.38,7.04,10.0028,384210.38,2953090.91698
002636.SZ,20260611,77.44,85.16,77.44,84.8,77.42,7.38,9.5324,917359.95,7572449.37471
002636.SZ,20260612,89.99,93.28,86.92,89.88,84.8,5.08,5.9906,843771.9,7580017.89048
002636.SZ,20260615,90.92,98.0,90.16,97.34,89.88,7.46,8.3,618705.27,5897389.61412
002636.SZ,20260616,94.91,102.9,94.5,101.49,97.34,4.15,4.2634,601334.7,5959603.31749
002636.SZ,20260617,100.0,102.78,92.05,95.71,101.49,-5.78,-5.6951,515913.66,5036606.44879
002636.SZ,20260618,94.54,105.28,93.31,104.41,95.71,8.7,9.09,406997.57,4069360.98898
002636.SZ,20260622,108.73,114.85,105.0,114.22,104.41,9.81,9.3957,295433.08,3266418.52881
002636.SZ,20260623,111.21,111.83,102.8,108.64,114.22,-5.58,-4.8853,314399.12,3367497.46929
002636.SZ,20260624,108.65,118.31,106.95,115.81,108.64,7.17,6.5998,261197.41,2977610.60991
002636.SZ,20260625,116.0,120.0,112.0,112.99,115.81,-2.82,-2.435,333482.27,3844332.63154
002636.SZ,20260626,111.2,116.0,106.0,112.13,112.99,-0.86,-0.7611,272792.91,3055191.34804
002636.SZ,20260629,113.93,117.55,101.03,114.95,112.13,2.82,2.5149,333940.57,3722842.92653
002636.SZ,20260630,113.71,121.83,110.1,119.97,114.95,5.02,4.3671,288389.25,3390245.3387
002636.SZ,20260701,121.9,124.38,108.5,111.36,119.97,-8.61,-7.1768,383104.6,4412597.3415
002636.SZ,20260702,107.1,117.18,105.09,111.58,111.36,0.22,0.1976,467885.83,5241092.12583
002636.SZ,20260703,109.6,118.6,106.95,106.95,111.58,-4.63,-4.1495,555295.42,6257706.22749
