amount,change,close,high,low,open,pct_chg,pre_close,trade_date,ts_code,vol
176831.461,0.15,9.48,9.53,9.33,9.33,1.6077,9.33,20250630,002636.SZ,187310.0
270198.461,0.3,9.78,9.83,9.33,9.49,3.1646,9.48,20250701,002636.SZ,281937.2
182730.058,-0.41,9.37,9.69,9.31,9.67,-4.1922,9.78,20250702,002636.SZ,194017.0
347941.476,0.94,10.31,10.31,9.34,9.34,10.032,9.37,20250703,002636.SZ,343854.96
72453.267,1.03,11.34,11.34,11.34,11.34,9.9903,10.31,20250704,002636.SZ,63891.77
1012585.208,1.13,12.47,12.47,10.99,11.23,9.9647,11.34,20250707,002636.SZ,835765.5
835302.81,1.25,13.72,13.72,12.3,12.86,10.0241,12.47,20250708,002636.SZ,635533.62
108110.479,1.37,15.09,15.09,15.09,15.09,9.9854,13.72,20250709,002636.SZ,71643.79
2785402.995,0.06,15.15,16.6,14.97,16.6,0.3976,15.09,20250710,002636.SZ,1736470.63
2144220.594,-1.51,13.64,14.79,13.64,14.51,-9.967,15.15,20250711,002636.SZ,1539655.74
1349014.266,-1.28,12.36,12.98,12.33,12.81,-9.3842,13.64,20250714,002636.SZ,1070431.0
1110041.267,0.0,12.36,12.82,12.19,12.55,0.0,12.36,20250715,002636.SZ,885008.74
784661.833,-0.28,12.08,12.34,11.92,12.25,-2.2654,12.36,20250716,002636.SZ,648448.14
836580.661,0.34,12.42,12.63,11.99,12.0,2.8146,12.08,20250717,002636.SZ,676083.37
681344.239,-0.34,12.08,12.49,12.08,12.3,-2.7375,12.42,20250718,002636.SZ,557879.87
600830.458,0.26,12.34,12.38,11.98,12.1,2.1523,12.08,20250721,002636.SZ,493370.5
486685.075,-0.28,12.06,12.44,12.0,12.26,-2.269,12.34,20250722,002636.SZ,399806.86
342708.836,-0.24,11.82,12.09,11.8,11.93,-1.99,12.06,20250723,002636.SZ,288011.44
311578.572,0.06,11.88,12.02,11.77,11.81,0.5076,11.82,20250724,002636.SZ,262543.4
306681.697,-0.19,11.69,11.96,11.67,11.85,-1.5993,11.88,20250725,002636.SZ,260886.68
759310.441,0.63,12.32,12.46,11.72,11.72,5.3892,11.69,20250728,002636.SZ,627105.8
532356.541,-0.08,12.24,12.5,11.94,12.21,-0.6494,12.32,20250729,002636.SZ,437080.32
289935.047,-0.17,12.07,12.25,11.95,12.2,-1.3889,12.24,20250730,002636.SZ,239833.6
462232.046,-0.08,11.99,12.39,11.92,12.06,-0.6628,12.07,20250731,002636.SZ,379586.1
267608.139,-0.15,11.84,12.1,11.77,11.83,-1.251,11.99,20250801,002636.SZ,224873.91
190080.123,0.0,11.84,11.87,11.67,11.7,0.0,11.84,20250804,002636.SZ,161405.43
236223.061,0.15,11.99,12.0,11.73,11.88,1.2669,11.84,20250805,002636.SZ,198867.44
176218.613,-0.01,11.98,12.11,11.85,11.94,-0.0834,11.99,20250806,002636.SZ,147240.86
231927.348,-0.09,11.89,12.08,11.71,11.93,-0.7513,11.98,20250807,002636.SZ,195365.61
172830.862,0.05,11.94,12.08,11.74,11.8,0.4205,11.89,20250808,002636.SZ,145071.69
402607.464,0.4,12.34,12.34,11.91,11.93,3.3501,11.94,20250811,002636.SZ,329838.36
520704.335,0.11,12.45,12.59,12.3,12.35,0.8914,12.34,20250812,002636.SZ,418683.17
417036.455,0.05,12.5,12.57,12.29,12.45,0.4016,12.45,20250813,002636.SZ,335684.01
656418.112,-0.18,12.32,12.87,12.3,12.64,-1.44,12.5,20250814,002636.SZ,523464.97
789510.88,1.23,13.55,13.55,12.19,12.19,9.9838,12.32,20250815,002636.SZ,610381.43
1494847.773,0.11,13.66,14.29,13.58,14.08,0.8118,13.55,20250818,002636.SZ,1075867.96
818856.081,-0.28,13.38,13.68,13.18,13.55,-2.0498,13.66,20250819,002636.SZ,610884.97
733005.799,0.12,13.5,13.97,13.04,13.25,0.8969,13.38,20250820,002636.SZ,542324.04
443721.721,-0.34,13.16,13.49,13.05,13.28,-2.5185,13.5,20250821,002636.SZ,336479.19
599004.103,0.24,13.4,13.65,13.1,13.14,1.8237,13.16,20250822,002636.SZ,446564.34
900005.251,0.46,13.86,13.86,13.35,13.6,3.4328,13.4,20250825,002636.SZ,661691.42
1026595.697,0.32,14.18,14.5,13.4,13.79,2.3088,13.86,20250826,002636.SZ,734709.39
776366.53,-0.91,13.27,14.05,13.22,13.83,-6.4175,14.18,20250827,002636.SZ,565397.95
794755.007,1.33,14.6,14.6,12.99,13.21,10.0226,13.27,20250828,002636.SZ,576973.13
1291277.143,-0.37,14.23,15.38,14.2,15.09,-2.5342,14.6,20250829,002636.SZ,877689.39
623414.766,-0.33,13.9,14.31,13.8,14.2,-2.319,14.23,20250901,002636.SZ,444915.28
515142.924,-0.79,13.11,13.99,13.06,13.96,-5.6835,13.9,20250902,002636.SZ,383934.9
407922.995,-0.71,12.4,13.2,12.34,13.2,-5.4157,13.11,20250903,002636.SZ,322625.6
327036.894,-0.33,12.07,12.76,11.82,12.36,-2.6613,12.4,20250904,002636.SZ,265400.71
280916.279,0.46,12.53,12.56,11.95,12.09,3.8111,12.07,20250905,002636.SZ,228519.77
245815.801,-0.07,12.46,12.59,12.26,12.47,-0.5587,12.53,20250908,002636.SZ,198163.47
211114.61,-0.47,11.99,12.45,11.92,12.41,-3.7721,12.46,20250909,002636.SZ,173776.01
260184.916,0.34,12.33,12.48,12.0,12.08,2.8357,11.99,20250910,002636.SZ,211801.47
310889.532,1.23,13.56,13.56,12.3,12.3,9.9757,12.33,20250911,002636.SZ,235215.3
947933.496,0.11,13.67,14.13,13.31,13.56,0.8112,13.56,20250912,002636.SZ,692783.19
494516.214,-0.27,13.4,13.48,13.09,13.43,-1.9751,13.67,20250915,002636.SZ,371011.75
351385.206,0.07,13.47,13.55,13.17,13.34,0.5224,13.4,20250916,002636.SZ,261814.0
271602.121,-0.15,13.32,13.55,13.17,13.54,-1.1136,13.47,20250917,002636.SZ,203944.35
432125.84,0.02,13.34,13.7,13.05,13.3,0.1502,13.32,20250918,002636.SZ,323012.46
273117.349,-0.33,13.01,13.36,12.91,13.3,-2.4738,13.34,20250919,002636.SZ,208235.03
171594.187,0.05,13.06,13.12,12.89,13.01,0.3843,13.01,20250922,002636.SZ,131826.72
289137.299,-0.15,12.91,13.44,12.57,13.09,-1.1485,13.06,20250923,002636.SZ,223580.24
189676.869,-0.01,12.9,12.95,12.58,12.66,-0.0775,12.91,20250924,002636.SZ,148348.0
187079.839,-0.17,12.73,13.0,12.72,12.85,-1.3178,12.9,20250925,002636.SZ,145665.9
220431.39,-0.54,12.19,12.67,12.18,12.61,-4.2419,12.73,20250926,002636.SZ,178166.48
143816.277,0.24,12.43,12.48,12.12,12.21,1.9688,12.19,20250929,002636.SZ,116493.53
148265.325,-0.18,12.25,12.55,12.23,12.44,-1.4481,12.43,20250930,002636.SZ,120373.07
152317.092,0.02,12.27,12.63,12.26,12.4,0.1633,12.25,20251009,002636.SZ,122848.0
136003.691,-0.19,12.08,12.3,12.06,12.28,-1.5485,12.27,20251010,002636.SZ,111756.92
215076.735,0.19,12.27,12.48,11.25,11.6,1.5728,12.08,20251013,002636.SZ,179830.27
400029.464,1.23,13.5,13.5,12.4,12.4,10.0244,12.27,20251014,002636.SZ,301490.35
700481.82,-0.05,13.45,13.45,12.93,13.05,-0.3704,13.5,20251015,002636.SZ,531837.73
886642.903,0.35,13.8,14.0,13.2,13.3,2.6022,13.45,20251016,002636.SZ,645334.51
492193.479,-0.76,13.04,13.68,12.95,13.65,-5.5072,13.8,20251017,002636.SZ,371981.41
295868.995,0.02,13.06,13.34,12.87,13.23,0.1534,13.04,20251020,002636.SZ,226293.77
431217.001,0.27,13.33,13.55,12.83,13.06,2.0674,13.06,20251021,002636.SZ,327015.98
534029.368,0.22,13.55,13.88,12.92,13.2,1.6504,13.33,20251022,002636.SZ,397534.84
314626.175,-0.01,13.54,13.7,13.31,13.4,-0.0738,13.55,20251023,002636.SZ,233420.11
697935.858,0.37,13.91,14.68,13.63,13.77,2.7326,13.54,20251024,002636.SZ,498381.77
576532.845,0.24,14.15,14.2,13.79,14.11,1.7254,13.91,20251027,002636.SZ,411703.12
1415108.189,0.84,14.99,15.57,13.93,14.01,5.9364,14.15,20251028,002636.SZ,945031.74
1199139.939,0.55,15.54,16.23,14.96,14.96,3.6691,14.99,20251029,002636.SZ,766318.83
924373.446,-0.59,14.95,15.4,14.66,15.32,-3.7967,15.54,20251030,002636.SZ,617868.0
578103.735,1.5,16.45,16.45,16.17,16.45,10.0334,14.95,20251031,002636.SZ,351604.94
1045391.832,-1.64,14.81,15.85,14.81,15.85,-9.9696,16.45,20251103,002636.SZ,700416.14
820747.657,-0.4,14.41,14.98,14.02,14.52,-2.7009,14.81,20251104,002636.SZ,570120.83
999839.3,1.44,15.85,15.85,14.02,14.15,9.9931,14.41,20251105,002636.SZ,663228.02
1583017.324,1.13,16.98,17.42,15.63,15.96,7.1293,15.85,20251106,002636.SZ,955459.94
1201547.057,-0.62,16.36,17.37,16.29,16.48,-3.6514,16.98,20251107,002636.SZ,721430.4
475653.177,1.64,18.0,18.0,16.36,16.4,10.0244,16.36,20251110,002636.SZ,270957.56
1890540.617,-1.3,16.7,19.44,16.59,19.44,-7.2222,18.0,20251111,002636.SZ,1083642.41
1378062.143,1.02,17.72,17.78,16.61,16.61,6.1078,16.7,20251112,002636.SZ,800007.47
1092241.321,-0.56,17.16,17.65,17.0,17.59,-3.1603,17.72,20251113,002636.SZ,632136.99
593181.668,-0.5,16.66,17.24,16.44,16.81,-2.9138,17.16,20251114,002636.SZ,354009.23
595731.156,-0.55,16.11,16.95,15.96,16.8,-3.3013,16.66,20251117,002636.SZ,365929.85
381195.007,-0.17,15.94,16.23,15.83,16.05,-1.0552,16.11,20251118,002636.SZ,238114.03
500926.956,-0.76,15.18,16.11,15.05,16.1,-4.7679,15.94,20251119,002636.SZ,325136.31
333493.196,-0.1,15.08,15.75,15.01,15.53,-0.6588,15.18,20251120,002636.SZ,217876.13
362345.345,-0.95,14.13,14.93,14.12,14.79,-6.2997,15.08,20251121,002636.SZ,251545.3
282075.347,0.21,14.34,14.47,13.94,14.2,1.4862,14.13,20251124,002636.SZ,197869.1
373575.48,0.59,14.93,15.28,14.42,14.48,4.1144,14.34,20251125,002636.SZ,250511.04
301902.644,-0.11,14.82,15.03,14.56,14.8,-0.7368,14.93,20251126,002636.SZ,203843.0
539805.818,1.48,16.3,16.3,15.12,15.77,9.9865,14.82,20251127,002636.SZ,340428.24
904296.347,-0.63,15.67,15.91,15.35,15.57,-3.865,16.3,20251128,002636.SZ,581340.76
1078275.713,0.87,16.54,17.19,15.67,15.67,5.552,15.67,20251201,002636.SZ,654555.18
518324.625,-0.33,16.21,16.52,16.14,16.49,-1.9952,16.54,20251202,002636.SZ,318191.61
543940.228,-0.33,15.88,16.56,15.81,16.35,-2.0358,16.21,20251203,002636.SZ,337132.08
361493.356,-0.28,15.6,15.87,15.55,15.65,-1.7632,15.88,20251204,002636.SZ,230765.51
318070.737,0.26,15.86,15.99,15.45,15.66,1.6667,15.6,20251205,002636.SZ,201677.12
513268.336,0.32,16.18,16.5,15.62,15.71,2.0177,15.86,20251208,002636.SZ,317704.19
843104.508,0.57,16.75,17.3,15.97,16.01,3.5229,16.18,20251209,002636.SZ,506317.42
546500.288,0.03,16.78,16.79,16.25,16.45,0.1791,16.75,20251210,002636.SZ,330422.58
493630.788,-0.66,16.12,16.88,16.12,16.79,-3.9333,16.78,20251211,002636.SZ,301474.83
362313.933,-0.14,15.98,16.33,15.75,16.13,-0.8685,16.12,20251212,002636.SZ,225808.2
259251.598,-0.24,15.74,15.96,15.52,15.74,-1.5019,15.98,20251215,002636.SZ,164681.05
270836.76,-0.41,15.33,15.73,15.11,15.7,-2.6048,15.74,20251216,002636.SZ,176324.41
296606.73,0.61,15.94,16.04,15.2,15.38,3.9791,15.33,20251217,002636.SZ,189627.54
286378.234,-0.78,15.16,15.9,15.13,15.8,-4.8934,15.94,20251218,002636.SZ,186007.32
304934.604,-0.2,14.96,15.82,14.93,15.47,-1.3193,15.16,20251219,002636.SZ,201629.44
485913.568,0.87,15.83,16.1,15.03,15.03,5.8155,14.96,20251222,002636.SZ,311134.26
417528.97,0.36,16.19,16.36,15.75,15.77,2.2742,15.83,20251223,002636.SZ,258837.15
486531.918,0.47,16.66,16.88,16.1,16.36,2.903,16.19,20251224,002636.SZ,294926.36
306381.726,-0.3,16.36,16.61,16.29,16.51,-1.8007,16.66,20251225,002636.SZ,186700.91
779605.514,0.84,17.2,17.83,16.43,16.64,5.1345,16.36,20251226,002636.SZ,455897.17
609720.06,0.35,17.55,17.97,17.09,17.4,2.0349,17.2,20251229,002636.SZ,349339.44
364739.544,-0.33,17.22,17.42,16.82,17.22,-1.8803,17.55,20251230,002636.SZ,211797.21
331116.749,-0.51,16.71,17.43,16.67,17.3,-2.9617,17.22,20251231,002636.SZ,196357.0
382273.532,0.3,17.01,17.1,16.54,16.54,1.7953,16.71,20260105,002636.SZ,226824.83
348353.925,-0.02,16.99,17.15,16.6,16.85,-0.1176,17.01,20260106,002636.SZ,206576.11
428936.097,-0.05,16.94,17.22,16.77,17.03,-0.2943,16.99,20260107,002636.SZ,251977.05
331107.389,-0.18,16.76,17.1,16.56,16.8,-1.0626,16.94,20260108,002636.SZ,196600.38
333675.791,-0.09,16.67,16.98,16.39,16.64,-0.537,16.76,20260109,002636.SZ,200084.61
377442.638,-0.07,16.6,16.83,16.24,16.78,-0.4199,16.67,20260112,002636.SZ,228605.4
388793.782,-0.57,16.03,16.63,15.93,16.58,-3.4337,16.6,20260113,002636.SZ,239263.54
420855.935,0.37,16.4,16.75,16.01,16.02,2.3082,16.03,20260114,002636.SZ,257389.9
828094.311,1.64,18.04,18.04,16.12,16.3,10.0,16.4,20260115,002636.SZ,479961.92
1301989.985,0.48,18.52,18.86,18.0,18.14,2.6608,18.04,20260116,002636.SZ,706758.69
615559.842,1.85,20.37,20.37,18.96,18.96,9.9892,18.52,20260119,002636.SZ,306283.5
2000978.508,0.15,20.52,22.41,20.24,20.98,0.7364,20.37,20260120,002636.SZ,942623.86
1217208.599,0.66,21.18,21.65,20.11,20.52,3.2164,20.52,20260121,002636.SZ,578383.36
156943.93,2.12,23.3,23.3,23.3,23.3,10.0094,21.18,20260122,002636.SZ,67357.91
2050883.346,2.33,25.63,25.63,24.19,24.9,10.0,23.3,20260123,002636.SZ,811188.93
2163826.87,0.73,26.36,27.13,25.23,25.51,2.8482,25.63,20260126,002636.SZ,834326.74
1612318.69,0.4,26.76,27.54,25.21,25.49,1.5175,26.36,20260127,002636.SZ,608384.84
1372627.791,-0.34,26.42,26.94,25.49,26.55,-1.2706,26.76,20260128,002636.SZ,524885.7
1479408.931,-1.8,24.62,26.6,24.57,26.3,-6.813,26.42,20260129,002636.SZ,587970.7
1081746.956,0.84,25.46,26.16,24.24,24.71,3.4119,24.62,20260130,002636.SZ,426504.1
766943.14,-1.18,24.28,25.58,24.27,25.34,-4.6347,25.46,20260202,002636.SZ,309681.93
657507.964,0.17,24.45,24.76,23.79,24.67,0.7002,24.28,20260203,002636.SZ,270701.96
564047.985,-0.44,24.01,24.34,23.44,24.18,-1.7996,24.45,20260204,002636.SZ,237015.94
446139.939,-0.55,23.46,24.35,23.12,23.92,-2.2907,24.01,20260205,002636.SZ,189393.46
537924.3,0.13,23.59,24.3,23.02,23.12,0.5541,23.46,20260206,002636.SZ,227459.17
678137.893,0.71,24.3,24.76,23.8,24.47,3.0097,23.59,20260209,002636.SZ,279009.63
856767.777,0.55,24.85,25.49,24.27,24.3,2.2634,24.3,20260210,002636.SZ,342872.75
1901799.929,1.75,26.6,27.34,24.88,25.2,7.0423,24.85,20260211,002636.SZ,715398.37
1251323.916,-0.4,26.2,26.66,25.36,26.5,-1.5038,26.6,20260212,002636.SZ,479412.42
674589.9,-0.69,25.51,26.59,25.45,25.55,-2.6336,26.2,20260213,002636.SZ,261318.47
827504.446,0.16,25.67,26.56,25.5,25.66,0.6272,25.51,20260224,002636.SZ,319333.41
1130917.655,1.45,27.12,27.34,25.5,25.67,5.6486,25.67,20260225,002636.SZ,429804.74
1303286.885,-0.1,27.02,27.88,26.04,26.96,-0.3687,27.12,20260226,002636.SZ,482170.81
806827.963,0.23,27.25,27.75,26.1,26.36,0.8512,27.02,20260227,002636.SZ,297658.15
910394.576,0.02,27.27,27.57,26.12,26.72,0.0734,27.25,20260302,002636.SZ,338358.82
1437906.637,-0.31,26.96,29.45,26.81,29.0,-1.1368,27.27,20260303,002636.SZ,516019.69
932659.589,0.13,27.09,28.12,25.85,25.85,0.4822,26.96,20260304,002636.SZ,342960.9
937643.233,-0.54,26.55,28.0,26.23,27.66,-1.9934,27.09,20260305,002636.SZ,346848.33
611536.109,-0.55,26.0,27.1,25.7,26.6,-2.0716,26.55,20260306,002636.SZ,232642.23
691559.052,-0.66,25.34,25.5,23.81,25.27,-2.5385,26.0,20260309,002636.SZ,281231.97
439376.465,2.53,27.87,27.87,26.0,26.13,9.9842,25.34,20260310,002636.SZ,161749.12
1803194.156,0.73,28.6,30.3,28.4,28.91,2.6193,27.87,20260311,002636.SZ,619110.8
1229531.381,-0.71,27.89,30.2,27.64,28.73,-2.4825,28.6,20260312,002636.SZ,426973.41
1352541.924,1.16,29.05,29.98,27.59,27.59,4.1592,27.89,20260313,002636.SZ,466596.64
1507037.411,2.91,31.96,31.96,28.16,29.2,10.0172,29.05,20260316,002636.SZ,497894.67
2081474.558,0.46,32.42,32.98,30.11,32.86,1.4393,31.96,20260317,002636.SZ,658221.32
2563355.128,2.38,34.8,35.0,31.5,31.82,7.3411,32.42,20260318,002636.SZ,762698.14
1714749.636,-1.2,33.6,34.34,32.32,33.0,-3.4483,34.8,20260319,002636.SZ,513078.03
1739280.736,-2.3,31.3,34.48,31.2,34.0,-6.8452,33.6,20260320,002636.SZ,531035.33
1432725.753,-3.13,28.17,30.7,28.17,30.04,-10.0,31.3,20260323,002636.SZ,491310.98
1483494.588,2.82,30.99,30.99,27.88,28.51,10.0106,28.17,20260324,002636.SZ,507036.68
1536625.821,0.41,31.4,32.99,30.71,31.26,1.323,30.99,20260325,002636.SZ,482764.19
1100179.952,0.47,31.87,32.45,31.04,31.25,1.4968,31.4,20260326,002636.SZ,347119.24
861834.262,-0.61,31.26,31.8,30.2,30.61,-1.914,31.87,20260327,002636.SZ,277682.27
1223102.175,0.95,32.21,33.15,30.36,30.36,3.039,31.26,20260330,002636.SZ,380774.38
1247063.639,-2.06,30.15,32.55,29.93,32.0,-6.3955,32.21,20260331,002636.SZ,402876.81
1742204.402,1.28,31.43,33.17,30.8,31.61,4.2454,30.15,20260401,002636.SZ,541237.6
1385325.83,-2.4,29.03,30.85,29.0,30.0,-7.636,31.43,20260402,002636.SZ,466050.46
1087949.833,0.22,29.25,29.59,27.88,29.16,0.7578,29.03,20260403,002636.SZ,376982.11
1664219.488,2.56,31.81,32.18,29.58,30.04,8.7521,29.25,20260407,002636.SZ,534591.65
1671513.385,2.0,33.81,34.2,31.99,32.39,6.2873,31.81,20260408,002636.SZ,505830.18
2294791.92,3.38,37.19,37.19,33.72,33.85,9.997,33.81,20260409,002636.SZ,629186.42
2846857.6,-1.26,35.93,38.88,35.47,38.11,-3.388,37.19,20260410,002636.SZ,777247.74
1696695.693,0.67,36.6,37.58,36.01,36.01,1.8647,35.93,20260413,002636.SZ,462530.97
2286295.971,2.19,38.79,39.48,36.23,37.0,5.9836,36.6,20260414,002636.SZ,600158.43
1869774.374,-1.32,37.47,39.79,37.26,38.36,-3.4029,38.79,20260415,002636.SZ,490654.84
1548555.383,1.27,38.74,39.2,36.43,37.06,3.3894,37.47,20260416,002636.SZ,404813.51
1715232.876,0.16,38.9,39.92,38.15,38.72,0.413,38.74,20260417,002636.SZ,439215.32
1495624.703,0.67,39.57,39.98,38.69,39.45,1.7224,38.9,20260420,002636.SZ,379841.19
1944291.528,2.31,41.88,42.0,38.38,38.8,5.8378,39.57,20260421,002636.SZ,483486.99
1922804.089,4.19,46.07,46.07,41.0,41.65,10.0048,41.88,20260422,002636.SZ,439100.59
2671778.744,-2.82,43.25,47.37,42.01,46.93,-6.1211,46.07,20260423,002636.SZ,605856.4
1689844.574,-1.92,41.33,43.18,40.67,42.51,-4.4393,43.25,20260424,002636.SZ,405808.57
1856870.622,2.77,44.1,45.18,41.66,42.38,6.7022,41.33,20260427,002636.SZ,424812.29
3751355.717,2.18,46.28,48.51,44.34,45.0,4.9433,44.1,20260428,002636.SZ,805140.66
3133686.621,-0.94,45.34,48.26,45.0,45.35,-2.0311,46.28,20260429,002636.SZ,679054.96
2098062.291,-0.44,44.9,47.4,44.01,45.82,-0.9704,45.34,20260430,002636.SZ,462612.84
2883989.778,1.66,46.56,47.75,43.5,45.58,3.6971,44.9,20260506,002636.SZ,628663.46
2530859.466,2.95,49.51,50.22,45.82,46.99,6.3359,46.56,20260507,002636.SZ,521545.7
2206105.522,-1.58,47.93,49.82,47.28,49.02,-3.1913,49.51,20260508,002636.SZ,458775.37
2004307.082,0.57,48.5,49.35,46.67,47.99,1.1892,47.93,20260511,002636.SZ,418904.07
1757557.196,-1.97,46.53,48.0,45.29,47.5,-4.0619,48.5,20260512,002636.SZ,377126.94
1708891.467,0.08,46.61,48.0,44.79,45.01,0.1719,46.53,20260513,002636.SZ,364607.92
1476200.863,-1.32,45.29,47.59,45.0,46.7,-2.832,46.61,20260514,002636.SZ,320590.58
1482595.364,-2.39,42.9,45.68,42.01,45.0,-5.2771,45.29,20260515,002636.SZ,341614.65
1081397.527,0.87,43.77,43.91,42.08,42.69,2.028,42.9,20260518,002636.SZ,249734.5
1197726.193,0.31,44.08,44.5,41.8,43.02,0.7082,43.77,20260519,002636.SZ,276264.87
1277676.292,0.67,44.75,44.8,42.81,43.87,1.52,44.08,20260520,002636.SZ,289499.3
1795340.226,-2.07,42.68,46.45,42.59,45.31,-4.6257,44.75,20260521,002636.SZ,399094.73
2237913.074,3.59,46.27,46.9,43.0,43.0,8.4114,42.68,20260522,002636.SZ,492933.42
1999448.944,-0.66,45.61,47.57,45.38,45.9,-1.4264,46.27,20260525,002636.SZ,433127.66
2470734.176,1.94,47.55,47.55,42.89,44.69,4.2535,45.61,20260526,002636.SZ,540448.33
2796144.646,1.21,48.76,50.68,46.08,47.08,2.5447,47.55,20260527,002636.SZ,574761.38
3440859.023,4.86,53.5,53.5,47.34,47.4,9.9918,48.64,20260528,002636.SZ,673365.81
3869438.918,0.01,53.51,56.8,53.02,55.0,0.0187,53.5,20260529,002636.SZ,706168.17
2883226.402,-3.64,49.87,53.51,48.17,53.0,-6.8025,53.51,20260601,002636.SZ,573756.84
2533650.349,0.76,50.63,51.31,46.8,49.59,1.524,49.87,20260602,002636.SZ,512994.57
2887824.153,1.1,51.73,53.28,50.0,50.48,2.1726,50.63,20260603,002636.SZ,560084.92
2838358.578,2.27,54.0,54.37,49.38,50.0,4.3882,51.73,20260604,002636.SZ,546874.88
5174580.791,4.16,58.16,59.4,52.8,53.99,7.7037,54.0,20260605,002636.SZ,887279.0
2462714.91,5.82,63.98,63.98,57.09,58.07,10.0069,58.16,20260608,002636.SZ,401265.32
1006174.43482,6.4,70.38,70.38,68.4,70.38,10.0031,63.98,20260609,002636.SZ,143508.94
2953090.91698,7.04,77.42,77.42,74.46,76.0,10.0028,70.38,20260610,002636.SZ,384210.38
7572449.37471,7.38,84.8,85.16,77.44,77.44,9.5324,77.42,20260611,002636.SZ,917359.95
7580017.89048,5.08,89.88,93.28,86.92,89.99,5.9906,84.8,20260612,002636.SZ,843771.9
5897389.61412,7.46,97.34,98.0,90.16,90.92,8.3,89.88,20260615,002636.SZ,618705.27
5959603.31749,4.15,101.49,102.9,94.5,94.91,4.2634,97.34,20260616,002636.SZ,601334.7
5036606.44879,-5.78,95.71,102.78,92.05,100.0,-5.6951,101.49,20260617,002636.SZ,515913.66
4069360.98898,8.7,104.41,105.28,93.31,94.54,9.09,95.71,20260618,002636.SZ,406997.57
3266418.52881,9.81,114.22,114.85,105.0,108.73,9.3957,104.41,20260622,002636.SZ,295433.08
3367497.46929,-5.58,108.64,111.83,102.8,111.21,-4.8853,114.22,20260623,002636.SZ,314399.12
2977610.60991,7.17,115.81,118.31,106.95,108.65,6.5998,108.64,20260624,002636.SZ,261197.41
3844332.63154,-2.82,112.99,120.0,112.0,116.0,-2.435,115.81,20260625,002636.SZ,333482.27
3055191.34804,-0.86,112.13,116.0,106.0,111.2,-0.7611,112.99,20260626,002636.SZ,272792.91
3722842.92653,2.82,114.95,117.55,101.03,113.93,2.5149,112.13,20260629,002636.SZ,333940.57
