amount,change,close,high,low,open,pct_chg,pre_close,trade_date,ts_code,vol,rsi_14,macd_dif,macd_dea,macd_hist,boll_mid,boll_upper,boll_lower,boll_width,tr,atr_14,kdj_k,kdj_d,kdj_j
176831.461,0.15,9.48,9.53,9.33,9.33,1.6077,9.33,2025-06-30,002636.SZ,187310.0,,0.0,0.0,0.0,,,,,0.1999999999999993,,,,
270198.461,0.3,9.78,9.83,9.33,9.49,3.1646,9.48,2025-07-01,002636.SZ,281937.2,,0.023931623931623847,0.00478632478632477,0.03829059829059815,,,,,0.5,,,,
182730.058,-0.41,9.37,9.69,9.31,9.67,-4.1922,9.78,2025-07-02,002636.SZ,194017.0,,0.009702193975698492,0.005769498624199515,0.007865390702997955,,,,,0.46999999999999886,,,,
347941.476,0.94,10.31,10.31,9.34,9.34,10.032,9.37,2025-07-03,002636.SZ,343854.96,,0.07342896886520833,0.01930139267240128,0.1082551523856141,,,,,0.9700000000000006,,,,
72453.267,1.03,11.34,11.34,11.34,11.34,9.9903,10.31,2025-07-04,002636.SZ,63891.77,,0.2046857985494075,0.05637827384780253,0.29661504940320993,,,,,1.0299999999999994,,,,
1012585.208,1.13,12.47,12.47,10.99,11.23,9.9647,11.34,2025-07-07,002636.SZ,835765.5,,0.39533219447236334,0.12416905797271471,0.5423262729992973,,,,,1.4800000000000004,,,,
835302.81,1.25,13.72,13.72,12.3,12.86,10.0241,12.47,2025-07-08,002636.SZ,635533.62,,0.6399089184066167,0.2273170300594951,0.8251837766942431,,,,,1.42,,,,
108110.479,1.37,15.09,15.09,15.09,15.09,9.9854,13.72,2025-07-09,002636.SZ,71643.79,,0.9335241987721243,0.36855846380202095,1.1299314699402068,,,,,1.3699999999999992,,,,
2785402.995,0.06,15.15,16.6,14.97,16.6,0.3976,15.09,2025-07-10,002636.SZ,1736470.63,,1.1577125329756175,0.5263892776367403,1.2626465106777545,,,,,1.6300000000000008,,60.036579789666206,53.3455265965554,73.41868617588781
2144220.594,-1.51,13.64,14.79,13.64,14.51,-9.967,15.15,2025-07-11,002636.SZ,1539655.74,,1.1997095180868946,0.6610533257267712,1.0773123847202468,,,,,1.5099999999999998,,59.823197683279986,55.50475029213027,68.46009246557941
1349014.266,-1.28,12.36,12.98,12.33,12.81,-9.3842,13.64,2025-07-14,002636.SZ,1070431.0,,1.11683297345229,0.7522092552718751,0.7292474363608297,,,,,1.3100000000000005,,53.82817659909566,54.94589239445207,51.59274500838285
1110041.267,0.0,12.36,12.82,12.19,12.55,0.0,12.36,2025-07-15,002636.SZ,885008.74,,1.0391737664200242,0.8096021575015049,0.4591432178370387,,,,,0.6300000000000008,,49.751383113814,53.21438930090605,42.8253707396299
784661.833,-0.28,12.08,12.34,11.92,12.25,-2.2654,12.36,2025-07-16,002636.SZ,648448.14,,0.9441510399255701,0.8365119339863181,0.21527821187850416,,,,,0.4399999999999995,,39.64411874848444,48.69096578343218,21.550424678588953
836580.661,0.34,12.42,12.63,11.99,12.0,2.8146,12.08,2025-07-17,002636.SZ,676083.37,,0.8860659859492817,0.8464227443789107,0.07928648314074183,,,,,0.6400000000000006,0.7073590003785362,34.92614452513341,44.102692030665935,16.57304951406836
681344.239,-0.34,12.08,12.49,12.08,12.3,-2.7375,12.42,2025-07-18,002636.SZ,557879.87,64.3367007489687,0.8033376275809729,0.8378057210193232,-0.06893618687670044,,,,,0.41000000000000014,0.6861190717800693,24.42369748969008,37.543027183673985,-1.8149618982777298
600830.458,0.26,12.34,12.38,11.98,12.1,2.1523,12.08,2025-07-21,002636.SZ,493370.5,65.58895772804209,0.7501078581746796,0.8202661484503945,-0.1403165805514297,,,,,0.40000000000000036,0.66568199522435,19.273917984579715,31.45332411730923,-5.084894280879311
486685.075,-0.28,12.06,12.44,12.0,12.26,-2.269,12.34,2025-07-22,002636.SZ,399806.86,63.02248398003068,0.6775192028486714,0.7917167593300499,-0.22839511296275705,,,,,0.4399999999999995,0.649561852708325,13.846429653537479,25.584359296051982,-9.629429631491526
342708.836,-0.24,11.82,12.09,11.8,11.93,-1.99,12.06,2025-07-23,002636.SZ,288011.44,60.82548638822876,0.5937814335436933,0.7521296941727786,-0.3166965212581707,,,,,0.28999999999999915,0.623878863229159,9.45391854271506,20.207545711606343,-12.053335795067504
311578.572,0.06,11.88,12.02,11.77,11.81,0.5076,11.82,2025-07-24,002636.SZ,262543.4,61.189741198076504,0.5261945039338816,0.7069426561249993,-0.36149630438223546,,,,,0.25,0.5971732301413619,9.332915392113101,16.58266893844193,-5.166591700544558
306681.697,-0.19,11.69,11.96,11.67,11.85,-1.5993,11.88,2025-07-25,002636.SZ,260886.68,59.30908277364115,0.45208856758506677,0.6559718384170128,-0.40776654166389203,12.072,15.232070618797858,8.91192938120214,0.5235372131871867,0.2900000000000009,0.5752322851312648,6.801653739669591,13.322330538851151,-6.239699858693527
759310.441,0.63,12.32,12.46,11.72,11.72,5.3892,11.69,2025-07-28,002636.SZ,627105.8,63.3332444640877,0.43913276483218056,0.6126040237000464,-0.3469425177357317,12.214,15.129421067358884,9.298578932641117,0.4773900552413432,0.7700000000000014,0.5891442647647459,27.10388027089083,17.916180449531044,45.479279913610405
532356.541,-0.08,12.24,12.5,11.94,12.21,-0.6494,12.32,2025-07-29,002636.SZ,437080.32,62.488141409797095,0.4175960787456461,0.5736024347091664,-0.3120127119270406,12.337,15.018210253048544,9.655789746951456,0.4346616281184314,0.5600000000000005,0.5870625315672641,37.86092018059388,24.56442702655199,64.45390648867766
289935.047,-0.17,12.07,12.25,11.95,12.2,-1.3889,12.24,2025-07-30,002636.SZ,239833.6,60.636504993856896,0.3824024235069583,0.5353624324687248,-0.30592001792353307,12.472,14.768492520069866,10.175507479930133,0.36826371393038276,0.3000000000000007,0.5665580650267452,41.30487048184172,30.1445748449819,63.62546175556135
462232.046,-0.08,11.99,12.39,11.92,12.06,-0.6628,12.07,2025-07-31,002636.SZ,379586.1,59.73939707563592,0.34408941813753735,0.49710782960248734,-0.3060368229299,12.556000000000001,14.631819685912305,10.480180314087697,0.3306498384696247,0.47000000000000064,0.5596610603819777,40.38798594371779,33.5590452112272,54.04586740869897
267608.139,-0.15,11.84,12.1,11.77,11.83,-1.251,11.99,2025-08-01,002636.SZ,224873.91,58.00649853886778,0.29818504734226536,0.45732327315044297,-0.3182764516163552,12.581,14.606593090534487,10.555406909465512,0.322008280825767,0.33000000000000007,0.5432566989261222,33.75263319942632,33.62357454062691,34.01075051702513
190080.123,0.0,11.84,11.87,11.67,11.7,0.0,11.84,2025-08-04,002636.SZ,161405.43,58.00649853886778,0.2588219642708438,0.4176230113745232,-0.31760209420735874,12.5495,14.601779605450332,10.497220394549668,0.3270695414877616,0.1999999999999993,0.518738363288542,29.329064703232003,32.19207126149527,23.60305158670546
236223.061,0.15,11.99,12.0,11.73,11.88,1.2669,11.84,2025-08-05,002636.SZ,198867.44,59.37326279184014,0.23699821583288205,0.381498052266195,-0.28899967286662587,12.463,14.45242573041622,10.473574269583779,0.3192531060605345,0.2699999999999996,0.5009713373393604,32.404115424644644,32.262752649211734,32.686840975510464
176218.613,-0.01,11.98,12.11,11.85,11.94,-0.0834,11.99,2025-08-06,002636.SZ,147240.86,59.23484808832822,0.21640128226088606,0.3484786982651332,-0.2641548320084943,12.307500000000001,13.873465315203713,10.741534684796289,0.25447333986653864,0.2599999999999998,0.48375909895797753,34.05254281321693,32.8593493705468,36.43892969855719
231927.348,-0.09,11.89,12.08,11.71,11.93,-0.7513,11.98,2025-08-07,002636.SZ,195365.61,57.92599174573375,0.190618484935122,0.316906655599131,-0.252576341328018,12.144499999999999,12.966729958869882,11.322270041130116,0.13540779099508143,0.3699999999999992,0.4756334490324077,31.537036574273163,32.41857843845559,29.773952845908312
172830.862,0.05,11.94,12.08,11.74,11.8,0.4205,11.89,2025-08-08,002636.SZ,145071.69,58.47494716259025,0.1722346011621152,0.28797224471172783,-0.23147528709922527,12.0595,12.487984477394962,11.631015522605038,0.07106173181225786,0.33999999999999986,0.46594534553009287,31.86806454349133,32.23507380680084,31.134046016872304
402607.464,0.4,12.34,12.34,11.91,11.93,3.3501,11.94,2025-08-11,002636.SZ,329838.36,62.671028358086296,0.18777731785093188,0.2679332593395687,-0.1603118829772736,12.058499999999999,12.484115344005176,11.632884655994822,0.07059175585772308,0.4299999999999997,0.46337782084937196,52.26389488084604,38.91134749814924,78.96898964623963
520704.335,0.11,12.45,12.59,12.3,12.35,0.8914,12.34,2025-08-12,002636.SZ,418683.17,63.755681806383855,0.206589676306832,0.25566454273302136,-0.09814973285237871,12.063,12.503674124734525,11.622325875265476,0.07306211137105603,0.28999999999999915,0.45099369078870244,63.103466152448064,46.97538704958218,95.35962435817984
417036.455,0.05,12.5,12.57,12.29,12.45,0.4016,12.45,2025-08-13,002636.SZ,335684.01,64.2639737617327,0.22296300927020773,0.24912423604045864,-0.0523224535405018,12.084,12.566161798569746,11.601838201430253,0.07980168794600245,0.28000000000000114,0.43877985573236666,72.14144120308133,55.36407176741523,105.6961800744135
656418.112,-0.18,12.32,12.87,12.3,12.64,-1.44,12.5,2025-08-14,002636.SZ,523464.97,60.95010761355708,0.21889125578829294,0.24307763999002552,-0.04837276840346516,12.079,12.54839602850787,11.609603971492131,0.07772100811455741,0.5699999999999985,0.44815272318005467,66.14984969094313,58.959331075257865,80.53088692231364
789510.88,1.23,13.55,13.55,12.19,12.19,9.9838,12.32,2025-08-15,002636.SZ,610381.43,71.69223426744308,0.31132630641313597,0.2567273732746476,0.1091978662769767,12.1525,12.960665564069258,11.344334435930742,0.13300400149257482,1.3600000000000012,0.5132846715243365,77.43323312729541,65.11729842593705,102.06510253001213
1494847.773,0.11,13.66,14.29,13.58,14.08,0.8118,13.55,2025-08-18,002636.SZ,1075867.96,72.42285499187295,0.3889739807612269,0.2831766947719635,0.21159457197852682,12.2185,13.270080764973937,11.166919235026064,0.17212927363816116,0.7399999999999984,0.5294786235583124,76.81595386780936,69.0168502398945,92.41416112363908
818856.081,-0.28,13.38,13.68,13.18,13.55,-2.0498,13.66,2025-08-19,002636.SZ,610884.97,67.63739904671797,0.4230401190024793,0.31114937961806666,0.22378147876882526,12.2845,13.453349636901265,11.115650363098734,0.19029665625809203,0.5,0.5273730075898616,72.7868633020538,70.27352126061427,77.81354738493286
733005.799,0.12,13.5,13.97,13.04,13.25,0.8969,13.38,2025-08-20,002636.SZ,542324.04,68.59514937903418,0.45448179290656654,0.33981586227576666,0.22933186126159977,12.368500000000001,13.634247542800411,11.10275245719959,0.20467276432880463,0.9300000000000015,0.5561320784763002,71.53111148241497,70.6927180012145,73.2078984448159
443721.721,-0.34,13.16,13.49,13.05,13.28,-2.5185,13.5,2025-08-21,002636.SZ,336479.19,62.91397196278477,0.4468137961886107,0.36121544905833547,0.1711966942605505,12.432500000000001,13.723438051430662,11.14156194856934,0.20767151440670198,0.4499999999999993,0.548551215727993,65.19441045606378,68.85994881949759,57.86333372919614
599004.103,0.24,13.4,13.65,13.1,13.14,1.8237,13.16,2025-08-22,002636.SZ,446564.34,65.11059491884352,0.4548595104843596,0.3799442613435403,0.14983049828163852,12.518,13.828244653731353,11.207755346268648,0.2093376983114479,0.5500000000000007,0.5486547003188508,62.66928951039175,66.79639571646231,54.415077098250606
900005.251,0.46,13.86,13.86,13.35,13.6,3.4328,13.4,2025-08-25,002636.SZ,661691.42,68.9114158776944,0.4926747053259355,0.4024903501400194,0.18036871037183222,12.595,14.031201129442023,11.158798870557979,0.22805893282128178,0.5099999999999998,0.5458936502960757,68.28746284819768,67.29341809370743,70.27555235717819
1026595.697,0.32,14.18,14.5,13.4,13.79,2.3088,13.86,2025-08-26,002636.SZ,734709.39,71.25720853300693,0.5422145337023743,0.4304351868524904,0.22355869369976777,12.692,14.281155353274851,11.10284464672515,0.2504184294476601,1.0999999999999996,0.5854726752749274,74.2407039478605,69.60918004509179,83.50375175339792
776366.53,-0.91,13.27,14.05,13.22,13.83,-6.4175,14.18,2025-08-27,002636.SZ,565397.95,57.88180628563721,0.5022561139551129,0.4447993722730149,0.11491348336419605,12.752,14.332867183741756,11.171132816258245,0.24794027348521888,0.9599999999999991,0.612224627041004,65.07821821632258,68.09885943550205,59.03693577796366
794755.007,1.33,14.6,14.6,12.99,13.21,10.0226,13.27,2025-08-28,002636.SZ,576973.13,67.48740795978046,0.5713228094356886,0.4701040597055497,0.20243749946027778,12.882499999999999,14.621512121261592,11.143487878738405,0.26998053502993885,1.6099999999999994,0.6834942965380751,76.71881214421506,70.97217700507306,88.21208242249907
1291277.143,-0.37,14.23,15.38,14.2,15.09,-2.5342,14.6,2025-08-29,002636.SZ,877689.39,63.171140763059505,0.5894084220266205,0.4939649321697639,0.19088697971371316,13.002,14.767644060213845,11.236355939786156,0.2715957637615512,1.1800000000000015,0.7189589896424985,68.44015649223822,70.12817016746146,65.06412914179174
623414.766,-0.33,13.9,14.31,13.8,14.2,-2.319,14.23,2025-09-01,002636.SZ,444915.28,59.51511101586613,0.5705363701018289,0.509279219756177,0.12251430069130387,13.105,14.824981640048891,11.38501835995111,0.2624924288514141,0.5099999999999998,0.7040333475251771,58.31854226400261,66.19162753297519,42.57237172605744
515142.924,-0.79,13.11,13.99,13.06,13.96,-5.6835,13.9,2025-09-02,002636.SZ,383934.9,51.78798725175806,0.4862287924387978,0.5046691342927012,-0.03688068370780684,13.161000000000001,14.79911059327186,11.522889406728142,0.24893406173875227,0.9299999999999997,0.7201738227019502,40.55266834336575,57.64530780310538,6.367389423886493
407922.995,-0.71,12.4,13.2,12.34,13.2,-5.4157,13.11,2025-09-03,002636.SZ,322625.6,46.00666339151345,0.3579966014784297,0.4753346277298469,-0.2346760525028344,13.181999999999999,14.76624612654527,11.597753873454728,0.24036506244049016,0.8599999999999994,0.730161406794668,27.693006965752616,47.6612075239878,-12.243394150717748
327036.894,-0.33,12.07,12.76,11.82,12.36,-2.6613,12.4,2025-09-04,002636.SZ,265400.71,43.57196225024266,0.22712526552397172,0.4256927552886719,-0.39713497952940036,13.190999999999999,14.746119220340901,11.635880779659097,0.23578488671683762,0.9399999999999995,0.745149877737906,20.80282861387253,38.70841455394938,-15.008343266281173
280916.279,0.46,12.53,12.56,11.95,12.09,3.8111,12.07,2025-09-05,002636.SZ,228519.77,47.72483752889032,0.15869757763345227,0.372293719757628,-0.42719228424835143,13.220500000000001,14.69604771276011,11.744952287239892,0.22322116603155845,0.6100000000000012,0.7354963150423414,20.51649248415471,32.64444053068449,-3.7394036089048512
245815.801,-0.07,12.46,12.59,12.26,12.47,-0.5587,12.53,2025-09-08,002636.SZ,198163.47,47.15609375641256,0.09769357626471553,0.3173736910590455,-0.43936022958865995,13.226500000000001,14.687880385655617,11.765119614344385,0.22097764119844493,0.33000000000000007,0.706532292539317,19.670171019399028,28.319684026922673,2.371145004351739
211114.61,-0.47,11.99,12.45,11.92,12.41,-3.7721,12.46,2025-09-09,002636.SZ,173776.01,43.41501657441627,0.011292223895878806,0.25615739762641215,-0.4897303474610667,13.2035,14.729392663673512,11.677607336326489,0.23113457245026114,0.5400000000000009,0.6946371287865087,14.705207645891486,23.78152523324561,-3.4474275288167604
260184.916,0.34,12.33,12.48,12.0,12.08,2.8357,11.99,2025-09-10,002636.SZ,211801.47,46.70869320367183,-0.02940732253435918,0.1990444535942579,-0.45690355225723417,13.194999999999999,14.73917751911052,11.650822480889477,0.2340549479515758,0.4900000000000002,0.6800201910160438,14.57875266280406,20.713934376431762,2.3083892355486526
310889.532,1.23,13.56,13.56,12.3,12.3,9.9757,12.33,2025-09-11,002636.SZ,235215.3,56.55975251335144,0.03716035274148766,0.16666763342370386,-0.2590145613644324,13.257,14.752045853899862,11.761954146100138,0.22554814119331104,1.2599999999999998,0.7214473202291836,33.01234113263243,24.81340329516532,49.41021680756665
947933.496,0.11,13.67,14.13,13.31,13.56,0.8112,13.56,2025-09-12,002636.SZ,692783.19,57.31960149648166,0.09766596325400023,0.15286729938976315,-0.11040267227152584,13.263,14.76394847206341,11.76205152793659,0.22633619423409634,0.8200000000000003,0.7284867973556705,48.70375411728164,32.77685356920409,80.55755521343673
494516.214,-0.27,13.4,13.48,13.09,13.43,-1.9751,13.67,2025-09-15,002636.SZ,371011.75,54.78643464238264,0.12241917988626483,0.1467776754890635,-0.04871699120559736,13.25,14.740941066292663,11.759058933707337,0.22504770811964728,0.5800000000000001,0.7178805975445512,55.26859221094389,40.274099783117364,85.25757706659695
351385.206,0.07,13.47,13.55,13.17,13.34,0.5224,13.4,2025-09-16,002636.SZ,261814.0,55.33752445778227,0.14600168089574694,0.1466224765704002,-0.0012415913493065145,13.254499999999998,14.74763481606564,11.761365183934357,0.2253023223909829,0.3800000000000008,0.693746269148512,60.65525195015308,47.06781717212927,87.8301215062007
271602.121,-0.15,13.32,13.55,13.17,13.54,-1.1136,13.47,2025-09-17,002636.SZ,203944.35,53.823599764682214,0.1508483505653313,0.14746765136938644,0.006761398391889717,13.245499999999998,14.734568589138156,11.75643141086184,0.22484143129940865,0.3800000000000008,0.6713358213521898,61.55297339663297,51.89620258029717,80.86651502930457
432125.84,0.02,13.34,13.7,13.05,13.3,0.1502,13.32,2025-09-18,002636.SZ,323012.46,54.00428610830146,0.15452197095528675,0.1488785152865665,0.011286911337440475,13.254499999999998,14.743568589138157,11.76543141086184,0.22468876066817436,0.6499999999999986,0.6698118341127477,62.45311348614143,55.41517288224526,76.52899469393378
273117.349,-0.33,13.01,13.36,12.91,13.3,-2.4738,13.34,2025-09-19,002636.SZ,208235.03,50.493462302895914,0.1293144431017712,0.14496570084960747,-0.031302515495672534,13.235,14.726258740654671,11.743741259345327,0.22535077304944043,0.4499999999999993,0.65411098881898,58.07583131353621,56.30205902600892,61.6233758885908
171594.187,0.05,13.06,13.12,12.89,13.01,0.3843,13.01,2025-09-22,002636.SZ,131826.72,51.01310101894382,0.11207989058859802,0.1383885387974056,-0.052617296417615145,13.195000000000002,14.658327139018986,11.731672860981018,0.2218002484303121,0.22999999999999865,0.6238173467604814,55.30564028101163,55.969919444343155,53.97708195434858
289137.299,-0.15,12.91,13.44,12.57,13.09,-1.1485,13.06,2025-09-23,002636.SZ,223580.24,49.33991852263048,0.08533396037926266,0.12777762311377702,-0.08488732546902872,13.131499999999999,14.52332992003901,11.739670079960987,0.21198338651928747,0.8699999999999992,0.6414018219918756,47.981537965118854,53.30712561793506,37.33036265948644
189676.869,-0.01,12.9,12.95,12.58,12.66,-0.0775,12.91,2025-09-24,002636.SZ,148348.0,49.22400557133634,0.06260898417104421,0.11474389532523047,-0.1042698223083725,13.113,14.506913083449085,11.719086916550914,0.2126001805001274,0.3699999999999992,0.6220159775638844,39.03897402802796,48.551075087966026,20.01477190815183
187079.839,-0.17,12.73,13.0,12.72,12.85,-1.3178,12.9,2025-09-25,002636.SZ,145665.9,47.194194045144904,0.030529769373485394,0.09790107013488146,-0.13474260152279213,13.019499999999999,14.232577426261521,11.806422573738477,0.18634777468589767,0.27999999999999936,0.5975862648807497,30.74574669715139,42.61596562436115,7.005308842731864
220431.39,-0.54,12.19,12.67,12.18,12.61,-4.2419,12.73,2025-09-26,002636.SZ,178166.48,41.359906458835596,-0.03802835924994419,0.07071518425791634,-0.21748708701572106,12.9175,14.041831380257438,11.793168619742563,0.17407878927926265,0.5500000000000007,0.5941872459606963,20.716462710381627,35.31613131970131,-8.482874508257744
143816.277,0.24,12.43,12.48,12.12,12.21,1.9688,12.19,2025-09-29,002636.SZ,116493.53,44.635804794443295,-0.07216332202613529,0.042139483001106016,-0.2286056100544826,12.844,13.887161187524686,11.800838812475313,0.1624355633018821,0.3600000000000012,0.5774595855349324,20.351059528440082,30.32777405594757,0.39763047342510305
148265.325,-0.18,12.25,12.55,12.23,12.44,-1.4481,12.43,2025-09-30,002636.SZ,120373.07,42.708730874462354,-0.11244383904991828,0.011222818590901157,-0.24733331528163888,12.800999999999998,13.868607260727423,11.733392739272574,0.16680060319153572,0.3200000000000003,0.5590696151395801,16.30998905271535,25.655179054870164,-2.3803909515942863
152317.092,0.02,12.27,12.63,12.26,12.4,0.1633,12.25,2025-10-09,002636.SZ,122848.0,43.00317833754372,-0.1411257958172687,-0.019246904290732815,-0.24375778305307177,12.794500000000001,13.8739048067533,11.715095193246702,0.16872950201309922,0.3800000000000008,0.5462789283438959,14.661204823022363,21.990520977587565,0.002572513891962558
136003.691,-0.19,12.08,12.3,12.06,12.28,-1.5485,12.27,2025-10-10,002636.SZ,111756.92,40.85498804206302,-0.17714583834647968,-0.05082669110188219,-0.25263829448919495,12.794999999999998,13.873000097646717,11.71699990235328,0.1685033368732659,0.2400000000000002,0.5244018620336176,10.25722833612118,18.079423430432104,-5.387161852500668
215076.735,0.19,12.27,12.48,11.25,11.6,1.5728,12.08,2025-10-13,002636.SZ,179830.27,43.87437034157982,-0.18819121823863583,-0.07829959652923292,-0.2197832434188058,12.782,13.879549423416606,11.684450576583394,0.17173359778072378,1.2300000000000004,0.5748017290312164,22.363266379331925,19.50737108006538,28.075056977865025
400029.464,1.23,13.5,13.5,12.4,12.4,10.0244,12.27,2025-10-14,002636.SZ,301490.35,58.606569841978,-0.09658071851609584,-0.08195582092660551,-0.02924979517898066,12.834,13.965341076589622,11.702658923410377,0.17630373641727015,1.2300000000000004,0.6216016055289867,48.24217758622128,29.085639915450678,86.55525292776248
700481.82,-0.05,13.45,13.45,12.93,13.05,-0.3704,13.5,2025-10-15,002636.SZ,531837.73,57.940775280433634,-0.02769407949113223,-0.07110347263951085,0.08681878629675724,12.907,13.996685613763036,11.817314386236964,0.16885188095809037,0.5700000000000003,0.6179157765626305,64.7540443167401,40.97510804921382,112.31191685179267
886642.903,0.35,13.8,14.0,13.2,13.3,2.6022,13.45,2025-10-16,002636.SZ,645334.51,61.25858969434405,0.05451276395567639,-0.045980225320473404,0.2009859785522996,12.980500000000001,14.10409338964911,11.856906610350892,0.17312020178715903,0.8000000000000007,0.6309217925224426,74.07845378691766,52.009556628448436,118.21624810385612
492193.479,-0.76,13.04,13.68,12.95,13.65,-5.5072,13.8,2025-10-17,002636.SZ,371981.41,51.71823070334515,0.05767182632618706,-0.02524981499114131,0.16584328263465675,12.954500000000001,14.045216326669395,11.863783673330607,0.16839188338714642,0.8500000000000014,0.6465702359136969,71.08260555491479,58.36723960393722,96.51333745686995
295868.995,0.02,13.06,13.34,12.87,13.23,0.1534,13.04,2025-10-20,002636.SZ,226293.77,51.93039357053178,0.061085087997371446,-0.007982834393438758,0.13813584478162041,12.924000000000001,13.96338038222173,11.884619617778272,0.16084499879630598,0.47000000000000064,0.6339580762055758,69.32779764267048,62.020758950181644,83.94187502764814
431217.001,0.27,13.33,13.55,12.83,13.06,2.0674,13.06,2025-10-21,002636.SZ,327015.98,54.816950893712395,0.08460163103892882,0.010534058693034757,0.14813514469178812,12.920499999999999,13.953583784241712,11.887416215758286,0.1599139018214021,0.7200000000000006,0.6401039279051776,71.43065297390153,65.1573902914216,83.97717833886136
534029.368,0.22,13.55,13.88,12.92,13.2,1.6504,13.33,2025-10-22,002636.SZ,397534.84,57.07860927115701,0.11961200942147165,0.032349648838722135,0.17452472116549905,12.9245,13.967117657124312,11.881882342875688,0.16133972797776505,0.9600000000000009,0.6629536473405221,75.49922319472225,68.60466792585515,89.28833373245644
314626.175,-0.01,13.54,13.7,13.31,13.4,-0.0738,13.55,2025-10-23,002636.SZ,233420.11,56.93909327004651,0.14488097243433096,0.0548559135578439,0.1800501177529741,12.9355,14.00009727992376,11.870902720076238,0.1646008704609426,0.3899999999999988,0.6434569582447704,78.09039122072392,71.76657569081141,90.73802228054893
697935.858,0.37,13.91,14.68,13.63,13.77,2.7326,13.54,2025-10-24,002636.SZ,498381.77,60.760798650135804,0.19254319733119374,0.08239337031251387,0.22029965403735974,12.963999999999999,14.10216842708848,11.825831572911516,0.17558908162426448,1.1400000000000006,0.6789243183701441,74.13628420562881,72.55647852908388,77.29589555871868
576532.845,0.24,14.15,14.2,13.79,14.11,1.7254,13.91,2025-10-27,002636.SZ,411703.12,63.051482986994635,0.24683647099875117,0.11528199044976134,0.26310896109797965,13.021,14.276956754200187,11.765043245799815,0.19291248816530007,0.41000000000000014,0.6597154384865623,73.20797325420301,72.77364343745693,74.07663288769518
1415108.189,0.84,14.99,15.57,13.93,14.01,5.9364,14.15,2025-10-28,002636.SZ,945031.74,69.71527519249543,0.3535695318949994,0.16293949873880897,0.38126006631238085,13.117500000000001,14.651807661455164,11.583192338544839,0.23393293866287976,1.6400000000000006,0.7297357643089508,75.08268776557574,73.5433248801632,78.16141353640083
1199139.939,0.55,15.54,16.23,14.96,14.96,3.6691,14.99,2025-10-29,002636.SZ,766318.83,73.13212465743956,0.47703766186334207,0.2257591313637156,0.5025570609992529,13.249,15.121885755360317,11.376114244639684,0.2827210740977155,1.2699999999999996,0.7683260668583114,76.62375262803087,74.57013412945243,80.73098962518776
924373.446,-0.59,14.95,15.4,14.66,15.32,-3.7967,15.54,2025-10-30,002636.SZ,617868.0,64.6992530815449,0.5212700980281291,0.2848613246965983,0.4728175466630615,13.351499999999998,15.36320548226335,11.339794517736646,0.3013452394507512,0.879999999999999,0.776302776368432,71.86681547751077,73.66902791213855,68.2623906082552
578103.735,1.5,16.45,16.45,16.17,16.45,10.0334,14.95,2025-10-31,002636.SZ,351604.94,73.16985461355482,0.669642860287972,0.3618176318148731,0.6156504569461979,13.5375,15.954352019510198,11.120647980489801,0.3570603168251447,1.5,0.8279954351992583,81.24454365167384,76.19419982531699,91.34523130438754
1045391.832,-1.64,14.81,15.85,14.81,15.85,-9.9696,16.45,2025-11-03,002636.SZ,700416.14,57.051095112877114,0.6474318579526592,0.4189404770424303,0.45698276182045783,13.6685,16.06172970503306,11.27527029496694,0.3501817617197292,1.6399999999999988,0.8859957612564542,72.01005459686661,74.79948474916687,66.4311942922661
820747.657,-0.4,14.41,14.98,14.02,14.52,-2.7009,14.81,2025-11-04,002636.SZ,570120.83,53.930518524675925,0.5907431027560168,0.4533010021851477,0.2748842011417383,13.767500000000002,16.108249992270807,11.426750007729195,0.3400399480328027,0.9600000000000009,0.8912817783095647,59.68398544249706,69.76098498027693,39.52998636693732
999839.3,1.44,15.85,15.85,14.02,14.15,9.9931,14.41,2025-11-05,002636.SZ,663228.02,61.9907474098771,0.6544685156047301,0.49353450486906425,0.32186802147133164,13.9475,16.349769760039447,11.545230239960553,0.3444731686738766,1.83,0.9583330798588815,66.03045838010443,68.51747611355276,61.05642291320777
1583017.324,1.13,16.98,17.42,15.63,15.96,7.1293,15.85,2025-11-06,002636.SZ,955459.94,66.88669946227375,0.7870799528439818,0.5522435944640478,0.469672716759868,14.183000000000002,16.806160809325064,11.559839190674937,0.3699021094726169,1.790000000000001,1.0177378598689615,73.31323487966557,70.1160623689237,79.7075799011493
1201547.057,-0.62,16.36,17.37,16.29,16.48,-3.6514,16.98,2025-11-07,002636.SZ,721430.4,62.155965026083976,0.832549540961983,0.6083047837636348,0.44848951439669626,14.397,16.99600466778301,11.797995332216992,0.36104808887726725,1.0800000000000018,1.0221851555926071,72.08465897421829,70.77226123735524,74.70945444794438
475653.177,1.64,18.0,18.0,16.36,16.4,10.0244,16.36,2025-11-10,002636.SZ,270957.56,68.5020749479813,0.9895123289067183,0.6845462927922515,0.6099320722289334,14.6835,17.545271810388943,11.821728189611058,0.38979423303557637,1.6400000000000006,1.0663147873359924,81.38977264947886,74.31143170806311,95.54645453231035
1890540.617,-1.3,16.7,19.44,16.59,19.44,-7.2222,18.0,2025-11-11,002636.SZ,1083642.41,59.92390839495151,0.997508674687845,0.7471387691713702,0.5007398110329495,14.8435,17.783419619380947,11.903580380619053,0.3961221570897628,2.8500000000000014,1.1937208739548502,70.74201325463412,73.12162555692012,65.9827886500621
1378062.143,1.02,17.72,17.78,16.61,16.61,6.1078,16.7,2025-11-12,002636.SZ,800007.47,63.758654087993264,1.0737735191068154,0.8124657191584593,0.5226155998967121,15.056999999999999,18.1849931350039,11.929006864996097,0.41548690110963693,1.1700000000000017,1.192026525815218,69.9165697220316,72.05327361195728,65.64316194218023
1092241.321,-0.56,17.16,17.65,17.0,17.59,-3.1603,17.72,2025-11-13,002636.SZ,632136.99,60.344661292340646,1.0766160779067846,0.8652957909081245,0.42264057399732025,15.225,18.428737948413573,12.021262051586426,0.42085227565367145,0.7199999999999989,1.1583103453998453,65.92223959328552,70.00959560573337,57.74752756838984
593181.668,-0.5,16.66,17.24,16.44,16.81,-2.9138,17.16,2025-11-14,002636.SZ,354009.23,57.38987937744517,1.0266879849106711,0.8975742297086339,0.25822751040407455,15.406,18.497021973733805,12.314978026266196,0.4012750842183311,0.7999999999999972,1.1327167492998562,60.184322090480634,66.73450443398247,47.08395740347697
595731.156,-0.55,16.11,16.95,15.96,16.8,-3.3013,16.66,2025-11-17,002636.SZ,365929.85,54.24349613805797,0.9319957412822575,0.9044585320233587,0.055074418517797596,15.558499999999999,18.457147779115008,12.65985222088499,0.37261275561461704,0.9899999999999984,1.1225226957784378,52.97650992993912,62.14850626596802,34.63251725788133
381195.007,-0.17,15.94,16.23,15.83,16.05,-1.0552,16.11,2025-11-18,002636.SZ,238114.03,53.27132939962608,0.8336243738664653,0.8902917003919801,-0.11333465305102974,15.688999999999998,18.39373191589149,12.984268084108507,0.3447934114209308,0.40000000000000036,1.0709139317942638,38.029834266503585,54.108948932813206,5.871604933884342
500926.956,-0.76,15.18,16.11,15.05,16.1,-4.7679,15.94,2025-11-19,002636.SZ,325136.31,49.03985590736109,0.6864260162174389,0.849518563557072,-0.32618509467926615,15.770499999999998,18.296153432907577,13.24484656709242,0.3203009965324598,1.0599999999999987,1.0701343652375306,26.34031471981028,44.852737528478904,-10.684530897526969
333493.196,-0.1,15.08,15.75,15.01,15.53,-0.6588,15.18,2025-11-20,002636.SZ,217876.13,48.494025883444536,0.5552999409514783,0.7906748390359533,-0.47074979616894996,15.8475,18.172783231192085,13.522216768807915,0.29345741993274455,0.7400000000000002,1.0465533391491355,18.086921626600386,35.9307988945194,-17.60083290923764
362345.345,-0.95,14.13,14.93,14.12,14.79,-6.2997,15.08,2025-11-21,002636.SZ,251545.3,43.53644828930231,0.37045415615961197,0.706630702460685,-0.6723530926021462,15.858500000000001,18.146981684666184,13.570018315333819,0.2886126285167175,0.9600000000000009,1.0403709577813403,12.120604392670945,27.99406739390325,-19.626321609793663
282075.347,0.21,14.34,14.47,13.94,14.2,1.4862,14.13,2025-11-24,002636.SZ,197869.1,44.87793728387247,0.23816239706445153,0.6129370413814383,-0.7495492886339736,15.868,18.128019562095112,13.60798043790489,0.28485247820709736,0.5300000000000011,1.0039158893683875,11.55262515066952,22.513586646158675,-10.36929784030879
373575.48,0.59,14.93,15.28,14.42,14.48,4.1144,14.34,2025-11-25,002636.SZ,250511.04,48.574633134554276,0.17886643313446093,0.5261229197320428,-0.6945129731951638,15.865,18.130080456337954,13.599919543662047,0.28554433738896356,0.9399999999999995,0.999350468699217,16.59662880664581,20.541267366321055,8.707351687295322
301902.644,-0.11,14.82,15.03,14.56,14.8,-0.7368,14.93,2025-11-26,002636.SZ,203843.0,47.929254930906296,0.12159618865216615,0.4452175735160675,-0.6472427697278027,15.828999999999999,18.138284692166305,13.519715307833694,0.2917789743087126,0.46999999999999886,0.9615397209349871,19.953308093319443,20.345280941987184,19.16936239598396
539805.818,1.48,16.3,16.3,15.12,15.77,9.9865,14.82,2025-11-27,002636.SZ,340428.24,56.33525528044567,0.19340330549763607,0.39485471991238125,-0.40290282882949036,15.8965,18.176336328382032,13.616663671617967,0.2868350049862589,1.4800000000000004,0.9985725980110595,39.43731060041896,26.70929082813111,64.89335014499467
904296.347,-0.63,15.67,15.91,15.35,15.57,-3.865,16.3,2025-11-28,002636.SZ,581340.76,52.45345465307773,0.1972020060973918,0.35532417714938336,-0.3162443421039831,15.857499999999998,18.12411700151986,13.590882998480136,0.28587318322810806,0.9500000000000011,0.9951031267245554,50.72656864886687,34.7150501017097,82.74960574318122
1078275.713,0.87,16.54,17.19,15.67,15.67,5.552,15.67,2025-12-01,002636.SZ,654555.18,56.87288923783019,0.26733258911888136,0.33772585954328294,-0.14078654084880315,15.943999999999999,18.17404743872127,13.713952561278727,0.2797350023483783,1.5200000000000014,1.0325957605299445,60.48437909924456,43.304826434221326,94.84348442929104
518324.625,-0.33,16.21,16.52,16.14,16.49,-1.9952,16.54,2025-12-02,002636.SZ,318191.61,54.79248324191944,0.29290689104034584,0.32876206584269557,-0.07171034960469946,16.034,18.145516292296016,13.922483707703984,0.2633798543465156,0.3999999999999986,0.9874103490635199,63.604970681547655,50.071541183330105,90.67182967798276
543940.228,-0.33,15.88,16.56,15.81,16.35,-2.0358,16.21,2025-12-03,002636.SZ,337132.08,52.71580905484668,0.28328098068205776,0.31966584881056803,-0.07276973625702055,16.035500000000003,18.146508489349394,13.924491510650611,0.26329188230481004,0.7499999999999982,0.9704524669875542,62.30074968513434,54.147944017264855,78.60636102087331
361493.356,-0.28,15.6,15.87,15.55,15.65,-1.7632,15.88,2025-12-04,002636.SZ,230765.51,50.95127041417585,0.25017485740212386,0.3057676505288792,-0.11118558625351072,15.9665,18.03735311685278,13.895646883147217,0.25939975784959535,0.33000000000000007,0.9247058622027289,58.55947414906392,55.61845406119788,64.44151432479597
318070.737,0.26,15.86,15.99,15.45,15.66,1.6667,15.6,2025-12-05,002636.SZ,201677.12,52.539886902339745,0.2421267567423211,0.2930394717715676,-0.10182543005849298,15.9415,18.004408269001733,13.878591730998266,0.2588098069819946,0.5400000000000009,0.8972268720453912,56.36816928830494,55.86835913690024,57.36778959111433
513268.336,0.32,16.18,16.5,15.62,15.71,2.0177,15.86,2025-12-08,002636.SZ,317704.19,54.493446052736125,0.2585890510203406,0.2861493876213222,-0.05512067320196323,15.8505,17.67823342522485,14.022766574775153,0.23062154824451575,0.8800000000000008,0.8959963811850062,58.111098917171596,56.61593906365736,61.101418624200065
843104.508,0.57,16.75,17.3,15.97,16.01,3.5229,16.18,2025-12-09,002636.SZ,506317.42,57.82368922119599,0.314010061625396,0.291721522422137,0.044577078406518034,15.853,17.685755762290892,14.020244237709107,0.23121879294655803,1.33,0.9269966396717915,63.66428001205935,58.96538604645802,73.06206794326201
546500.288,0.03,16.78,16.79,16.25,16.45,0.1791,16.75,2025-12-10,002636.SZ,330422.58,57.997911609891744,0.3562457814826292,0.30462637423423544,0.10323881449678751,15.806000000000001,17.4783560436827,14.1336439563173,0.21161028010663047,0.5399999999999991,0.8993540225523777,66.88729778581737,61.60602329291114,77.44984677162982
493630.788,-0.66,16.12,16.88,16.12,16.79,-3.9333,16.78,2025-12-11,002636.SZ,301474.83,52.827742032891756,0.33262709155331116,0.3102265176980506,0.04480114771052113,15.754,17.309694463305004,14.198305536694994,0.19749834496699314,0.759999999999998,0.8894001637986364,56.66360392928368,59.95855017170199,50.07371144444707
362313.933,-0.14,15.98,16.33,15.75,16.13,-0.8685,16.12,2025-12-12,002636.SZ,225808.2,51.77343240197942,0.2991637066622097,0.30801395549088245,-0.017700497657345493,15.719999999999999,17.221087325206195,14.218912674793803,0.1909780311967171,0.5799999999999983,0.8673001520987337,47.32528550240535,55.74746194860311,30.480932610009845
259251.598,-0.24,15.74,15.96,15.52,15.74,-1.5019,15.98,2025-12-15,002636.SZ,164681.05,49.93364645710389,0.250391382811209,0.2964894409549478,-0.09219611628747759,15.701500000000001,17.191427938914448,14.211572061085555,0.1897816054408109,0.46000000000000085,0.8382072840916813,36.775415560162145,49.423446485789455,11.479353708907524
270836.76,-0.41,15.33,15.73,15.11,15.7,-2.6048,15.74,2025-12-16,002636.SZ,176324.41,46.86951034429138,0.1766194324115773,0.2725154392462737,-0.1917920136693928,15.671000000000001,17.16533879058686,14.176661209413144,0.1907139034633217,0.6300000000000008,0.8233353352279899,27.865497740260313,42.23746357061308,-0.8784339204452181
296606.73,0.61,15.94,16.04,15.2,15.38,3.9791,15.33,2025-12-17,002636.SZ,189627.54,51.625709597541835,0.1654691073701393,0.2511061728710468,-0.171274131001815,15.709,17.189354153928235,14.228645846071762,0.18847210566277123,0.8399999999999999,0.8245256684259905,31.210179619838684,38.56170225368828,16.507134352139488
286378.234,-0.78,15.16,15.9,15.13,15.8,-4.8934,15.94,2025-12-18,002636.SZ,186007.32,45.96010008292908,0.09262518766678873,0.2194099758301952,-0.25356957632681293,15.713000000000003,17.18661496077895,14.239385039221057,0.1875663413452487,0.8099999999999987,0.8234881206812767,21.56782142083615,32.897075309404244,-1.09068635630004
304934.604,-0.2,14.96,15.82,14.93,15.47,-1.3193,15.16,2025-12-19,002636.SZ,201629.44,44.60828826286402,0.018543766957135333,0.17923673405558324,-0.3213859341968958,15.754499999999998,17.079680821822542,14.429319178177456,0.16822886436542486,0.8900000000000006,0.8282389692040427,14.800488542160826,26.864879720323106,-9.328293814163736
485913.568,0.87,15.83,16.1,15.03,15.03,5.8155,14.96,2025-12-22,002636.SZ,311134.26,51.316286123867684,0.029693152247780574,0.1493280176940227,-0.23926973089248427,15.828999999999999,16.974736260640864,14.683263739359132,0.14476419996725828,1.1400000000000006,0.8505076142608969,25.251607746055946,26.327122395567386,23.100578447033058
417528.97,0.36,16.19,16.36,15.75,15.77,2.2742,15.83,2025-12-23,002636.SZ,258837.15,53.80900541363554,0.06680799084019284,0.13282401232325675,-0.1320320429661278,15.892,16.96591266919269,14.818087330807307,0.1351513552973435,0.6099999999999994,0.8333284989565471,38.37286670249887,30.342370497877884,54.43385911174084
486531.918,0.47,16.66,16.88,16.1,16.36,2.903,16.19,2025-12-24,002636.SZ,294926.36,56.910967307334495,0.1326181009528753,0.13278283004918046,-0.0003294581926103213,15.984,16.98394526165972,14.984054738340282,0.12511827598344832,0.7799999999999976,0.8295193204596507,55.15456070764884,38.61310056780154,88.23748098734345
306381.726,-0.3,16.36,16.61,16.29,16.51,-1.8007,16.66,2025-12-25,002636.SZ,186700.91,54.39975092337942,0.15873578721263826,0.13797342148187203,0.04152473146153246,15.987,16.991287650133398,14.982712349866604,0.12563803717187672,0.370000000000001,0.79669651185539,61.214151582877015,46.14678423949337,91.34888626964431
779605.514,0.84,17.2,17.83,16.43,16.64,5.1345,16.36,2025-12-26,002636.SZ,455897.17,59.75459887687891,0.24439795408609655,0.15925832800271694,0.1702792521667592,16.0635,17.191577544926922,14.935422455073082,0.14045227315677403,1.4699999999999989,0.8447896181514335,66.9013884115732,53.06498563018665,94.5741939743463
609720.06,0.35,17.55,17.97,17.09,17.4,2.0349,17.2,2025-12-29,002636.SZ,349339.44,61.76910166909564,0.33664725344181434,0.1947361130905364,0.2838222807025559,16.114,17.40984599474829,14.818154005251712,0.16083480138367753,0.879999999999999,0.8473046454263311,73.32899578315408,59.8196556811758,100.34767598711065
364739.544,-0.33,17.22,17.42,16.82,17.22,-1.8803,17.55,2025-12-30,002636.SZ,211797.21,58.78149893188523,0.378761123268184,0.23154111512606596,0.2944400162842361,16.1645,17.551605657570136,14.777394342429867,0.17162370102015334,0.7300000000000004,0.8389257421815932,73.99564631157641,64.54498589130934,92.89696715211053
331116.749,-0.51,16.71,17.43,16.67,17.3,-2.9617,17.22,2025-12-31,002636.SZ,196357.0,54.402159362003594,0.3667561936647026,0.2585841308337933,0.2163441256618186,16.206,17.606862891972362,14.805137108027635,0.17288200567349915,0.759999999999998,0.8332881891686221,68.84797473403341,65.9793155055507,74.58529319099884
382273.532,0.3,17.01,17.1,16.54,16.54,1.7953,16.71,2026-01-05,002636.SZ,226824.83,56.45719848714495,0.37710268820710624,0.2822878423084559,0.18962969179730071,16.276500000000002,17.690806971815604,14.862193028184398,0.17378514690696437,0.5600000000000023,0.8137676042280064,68.34762941452571,66.76875347520904,71.50538129315905
348353.925,-0.02,16.99,17.15,16.6,16.85,-0.1176,17.01,2026-01-06,002636.SZ,206576.11,56.27510870130341,0.37931600799722887,0.3016934754462105,0.15524506510203673,16.333000000000002,17.76739112334703,14.898608876652975,0.17564331394685928,0.5499999999999972,0.7949270610688629,64.18370489496908,65.90707061512906,60.73697345464913
428936.097,-0.05,16.94,17.22,16.77,17.03,-0.2943,16.99,2026-01-07,002636.SZ,251977.05,55.79065485048073,0.37273879691544565,0.31590253974005755,0.11367251435077619,16.371000000000002,17.828407936967803,14.913592063032201,0.1780475153585976,0.4499999999999993,0.7702894138496584,57.76239862873164,63.19217995299659,46.90283598020174
331107.389,-0.18,16.76,17.1,16.56,16.8,-1.0626,16.94,2026-01-08,002636.SZ,196600.38,53.988771392035964,0.34897900137370286,0.32251783206678664,0.05292233861383244,16.3715,17.82946216830562,14.91353783169438,0.1781097844798119,0.5400000000000027,0.7538401700032545,47.83366257788464,58.07267416129261,27.355639411068694
333675.791,-0.09,16.67,16.98,16.39,16.64,-0.537,16.76,2026-01-09,002636.SZ,200084.61,53.06591195166667,0.31920732109030325,0.32185572987148997,-0.005296817562373435,16.366000000000003,17.818292561507644,14.913707438492361,0.17747678864812916,0.5899999999999999,0.7421373007173078,37.79628138103705,51.31387656787409,10.761091007362964
377442.638,-0.07,16.6,16.83,16.24,16.78,-0.4199,16.67,2026-01-12,002636.SZ,228605.4,52.3168564988848,0.2866601947019909,0.31481662283759015,-0.05631285627119853,16.39,17.841039554758446,14.938960445241557,0.1770640091224459,0.5899999999999999,0.7312703506660715,32.133937105662525,44.92056341380357,6.560684489380435
388793.782,-0.57,16.03,16.63,15.93,16.58,-3.4337,16.6,2026-01-13,002636.SZ,239263.54,46.55424756132671,0.2124234410393342,0.29433798647793896,-0.16382909087720954,16.392500000000002,17.840734860278616,14.944265139721388,0.17669481290573297,0.6999999999999993,0.7290367541899235,23.644846959330607,37.828657928979254,-4.722774979966687
420855.935,0.37,16.4,16.75,16.01,16.02,2.3082,16.03,2026-01-14,002636.SZ,257389.9,50.37533231414888,0.18135563186159231,0.27174151555466963,-0.18077176738615464,16.4255,17.84083667186883,15.010163328131169,0.17233407468495082,0.7399999999999984,0.7298198431763574,26.207675750664826,33.954997202874445,10.713032846245582
828094.311,1.64,18.04,18.04,16.12,16.3,10.0,16.4,2026-01-15,002636.SZ,479961.92,63.00177846159151,0.2857742357039683,0.2745480595845294,0.02245235223887787,16.561,18.051628973568537,15.070371026431461,0.18001678323392764,1.9199999999999982,0.8148327115209032,50.805117167109884,39.571703857619596,73.27194378609047
1301989.985,0.48,18.52,18.86,18.0,18.14,2.6608,18.04,2026-01-16,002636.SZ,706758.69,65.74867890309575,0.40261759500264915,0.30016196666815337,0.20491125666899157,16.69,18.386659256179282,14.99334074382072,0.2033144704828377,0.8599999999999994,0.8180589464122673,63.33537959035995,47.49292910186638,95.0202805673471
615559.842,1.85,20.37,20.37,18.96,18.96,9.9892,18.52,2026-01-19,002636.SZ,306283.5,73.8171914002436,0.6371516503505887,0.36755990340464045,0.5391834938918966,16.950499999999998,19.175614781190745,14.72538521880925,0.2625426720380812,1.8500000000000014,0.891769021668534,75.55691972690664,56.84759264354647,112.97557389362699
2000978.508,0.15,20.52,22.41,20.24,20.98,0.7364,20.37,2026-01-20,002636.SZ,942623.86,74.34489988449036,0.8256082276135004,0.4591695682464125,0.7328773187341758,17.2285,19.772903766369566,14.684096233630434,0.29537147939397695,2.1700000000000017,0.983071234406496,73.98239092904888,62.559192072047274,96.82878864305208
1217208.599,0.66,21.18,21.65,20.11,20.52,3.2164,20.52,2026-01-21,002636.SZ,578383.36,76.58143388956637,1.0165003240147712,0.5706357194000843,0.8917292092293738,17.496000000000002,20.504020156707355,14.487979843292651,0.34385232701272883,1.5399999999999991,1.0228518605203176,76.32776679220542,67.14871697876666,94.68586641908297
156943.93,2.12,23.3,23.3,23.3,23.3,10.0094,21.18,2026-01-22,002636.SZ,67357.91,82.00735439440258,1.3235924186423773,0.7212270592485429,1.2047307187876688,17.8515,21.756478064497976,13.946521935502028,0.43749579189401155,2.120000000000001,1.1012195847688664,84.21851119480363,72.83864838411232,106.97823681618624
2050883.346,2.33,25.63,25.63,24.19,24.9,10.0,23.3,2026-01-23,002636.SZ,811188.93,85.87961381108266,1.734976909662386,0.9239770293313117,1.6219997606621486,18.3,23.480822938085154,13.119177061914849,0.5662101571677762,2.3299999999999983,1.188989614428233,89.47900746320242,78.38543474380901,111.66615290198922
2163826.87,0.73,26.36,27.13,25.23,25.51,2.8482,25.63,2026-01-26,002636.SZ,834326.74,86.83553944699509,2.0957484976733625,1.1583313229997219,1.8748343493472812,18.8,25.018722156774466,12.581277843225536,0.6615661868909005,1.8999999999999986,1.239776070540502,90.67785149825006,82.48290699528937,107.06774050417147
1612318.69,0.4,26.76,27.54,25.21,25.49,1.5175,26.36,2026-01-27,002636.SZ,608384.84,87.34123673723651,2.3864299583922346,1.4039510500782244,1.9649578166280204,19.278,26.385095342720966,12.170904657279031,0.7373270404316804,2.3299999999999983,1.3176492083590376,91.50852680151873,85.49144693069917,103.54268654315786
1372627.791,-0.34,26.42,26.94,25.49,26.55,-1.2706,26.76,2026-01-28,002636.SZ,524885.7,84.3743457693399,2.5598535534467146,1.6351315507519226,1.849444005389584,19.7215,27.454064836286094,11.988935163713906,0.7841761363269624,1.4500000000000028,1.3271028363333925,90.42567055810545,87.1361881398346,97.00463539464712
1479408.931,-1.8,24.62,26.6,24.57,26.3,-6.813,26.42,2026-01-29,002636.SZ,587970.7,70.68486559184895,2.5229648765982624,1.8126982159211906,1.4205333213541436,20.091500000000003,28.025629541351535,12.15737045864847,0.7897996208696743,2.030000000000001,1.377309776595293,82.27290236119231,85.51509288028717,75.78852132300258
1081746.956,0.84,25.46,26.16,24.24,24.71,3.4119,24.62,2026-01-30,002636.SZ,426504.1,72.89499401920845,2.5323203021261342,1.9566226331621794,1.1513953379279096,20.529,28.641012924312328,12.416987075687674,0.7902979126418557,1.9200000000000017,1.4160733639813436,78.8503961008218,83.29352728713205,69.96413372820129
766943.14,-1.18,24.28,25.58,24.27,25.34,-4.6347,25.46,2026-02-02,002636.SZ,309681.93,65.43215228643115,2.4166606463189026,2.048630235793524,0.7360608210507573,20.892500000000002,28.99209810568919,12.792901894310813,0.7753593974573831,1.3099999999999987,1.4084966951255333,71.27487151450032,79.28730869625481,55.249997150991334
657507.964,0.17,24.45,24.76,23.79,24.67,0.7002,24.28,2026-02-03,002636.SZ,270701.96,65.97264067882703,2.3120650681643014,2.1013172022676794,0.42149573179324396,21.2655,29.295185646334296,13.235814353665702,0.7551842793571086,0.9700000000000024,1.3771755026165668,56.55746151281153,71.71069296844038,26.250998601553817
564047.985,-0.44,24.01,24.34,23.44,24.18,-1.7996,24.45,2026-02-04,002636.SZ,237015.94,63.21752426709412,2.1686689306566898,2.1147875479454816,0.10776276542241625,21.619,29.467343841386615,13.770656158613384,0.7260598400838721,1.009999999999998,1.3509486810010978,42.339120683337775,61.92016887340618,3.177024303200966
446139.939,-0.55,23.46,24.35,23.12,23.92,-2.2907,24.01,2026-02-05,002636.SZ,189393.46,59.852757646039464,1.9877327097529296,2.089376580306971,-0.2032877411080829,21.954,29.495021569773495,14.412978430226506,0.6869838361823353,1.2300000000000004,1.3423094895010195,30.790183019661086,51.543506922157825,-10.716464785332391
537924.3,0.13,23.59,24.3,23.02,23.12,0.5541,23.46,2026-02-06,002636.SZ,227459.17,60.389411319068316,1.8336917080790052,2.038239605861378,-0.4090957955647454,22.3,29.444814829466754,15.155185170533247,0.6407905676651796,1.2800000000000011,1.337858811679518,24.730328502782914,42.605780782366196,-11.020576056383646
678137.893,0.71,24.3,24.76,23.8,24.47,3.0097,23.59,2026-02-09,002636.SZ,279009.63,63.27663564298385,1.7487457186412705,1.9803408284173565,-0.463190219552172,22.685000000000002,29.3503116166739,16.019688383326105,0.5876404334735637,1.1700000000000017,1.3258688965595526,27.37123941001855,37.52760032491698,7.0585175802216895
856767.777,0.55,24.85,25.49,24.27,24.3,2.2634,24.3,2026-02-10,002636.SZ,342872.75,65.3816936694929,1.706138510749696,1.9255003648838245,-0.4387237082682569,23.125999999999998,29.06487956826162,17.187120431738375,0.5136106173364717,1.2199999999999989,1.3183068325195844,35.286599085263774,36.78059991169925,32.298597432392825
1901799.929,1.75,26.6,27.34,24.88,25.2,7.0423,24.85,2026-02-11,002636.SZ,715398.37,71.06504456419978,1.7929147608545932,1.8989832440779784,-0.21213696644677027,23.636000000000003,28.850584405905742,18.421415594094263,0.44124085343592306,2.4899999999999984,1.4019992016253282,51.14785618029932,41.56968533456594,70.30419787176608
1251323.916,-0.4,26.2,26.66,25.36,26.5,-1.5038,26.6,2026-02-12,002636.SZ,479412.42,68.30474538199502,1.808560942437012,1.8808987837497853,-0.14467568262554664,24.044,28.65727786195222,19.43072213804778,0.38373630526969055,1.3000000000000007,1.3947135443663763,58.63560782390325,47.25832616434505,81.39017114301964
674589.9,-0.69,25.51,26.59,25.45,25.55,-2.6336,26.2,2026-02-13,002636.SZ,261318.47,63.707827928734105,1.7451662306575741,1.8537522731313432,-0.21717208494753804,24.3935,28.240102191681913,20.546897808318086,0.3153792765844929,1.1400000000000006,1.376519719768778,58.30336817889848,50.94000683586286,73.03009086496971
827504.446,0.16,25.67,26.56,25.5,25.66,0.6272,25.51,2026-02-24,002636.SZ,319333.41,64.3076827424966,1.6883736076889768,1.82067654004287,-0.26460586470778624,24.6585,28.040154998120776,21.276845001879224,0.2742790516958271,1.0599999999999987,1.3539111683567224,59.316442983463205,53.73215221839631,70.48502451359698
1130917.655,1.45,27.12,27.34,25.5,25.67,5.6486,25.67,2026-02-25,002636.SZ,429804.74,69.2655150143409,1.7403067537085803,1.8046025827760122,-0.12859165813486362,24.988500000000002,27.9290640346887,22.047935965311304,0.23535338533234873,1.8399999999999999,1.3886317991883852,71.18009779144461,59.54813407607908,94.44402522217567
1303286.885,-0.1,27.02,27.88,26.04,26.96,-0.3687,27.12,2026-02-26,002636.SZ,482170.81,68.55823176229215,1.7531853523996261,1.7943191367007352,-0.08226756860221807,25.2805,27.750952547504824,22.810047452495176,0.19544332964180483,1.8399999999999999,1.4208723849606435,74.88824077728681,64.66150297648166,95.34171637889713
806827.963,0.23,27.25,27.75,26.1,26.36,0.8512,27.02,2026-02-27,002636.SZ,297658.15,69.33385012076398,1.7616436806914741,1.7877840454988831,-0.052280729614818,25.478,27.91310812469318,23.04289187530682,0.19115378951983514,1.6499999999999986,1.4372386431777402,78.11176836132847,69.1449247714306,96.04545554112423
910394.576,0.02,27.27,27.57,26.12,26.72,0.0734,27.25,2026-03-02,002636.SZ,338358.82,69.40452826122768,1.7497903062113949,1.7801852976413857,-0.060789982859981606,25.56,28.123714410566578,22.99628558943342,0.20060363149973232,1.4499999999999993,1.4381501686650444,79.7753432658164,72.68839760289254,93.94923459166415
1437906.637,-0.31,26.96,29.45,26.81,29.0,-1.1368,27.27,2026-03-03,002636.SZ,516019.69,66.83333127028308,1.695833499354226,1.7633149379839537,-0.13496287725945555,25.59,28.206626997129057,22.973373002870943,0.20450386847433036,2.6400000000000006,1.5239965851889699,68.35496990879373,71.2439217048596,62.577066316661984
932659.589,0.13,27.09,28.12,25.85,25.85,0.4822,26.96,2026-03-04,002636.SZ,342960.9,67.37910145410513,1.6446042803139385,1.7395728064499507,-0.1899370522720245,25.6065,28.25811936619064,22.95488063380936,0.2071051776846223,2.2699999999999996,1.5772825433897577,59.66940944204831,67.38575095058917,44.236726424966605
937643.233,-0.54,26.55,28.0,26.23,27.66,-1.9934,27.09,2026-03-05,002636.SZ,346848.33,62.759321565556746,1.542648575592196,1.7001879602783998,-0.31507876937240775,25.613,28.273637834093524,22.952362165906475,0.20775682927369105,1.7699999999999996,1.591048076004775,48.94627296136556,61.23925828751464,24.360302309067393
611536.109,-0.55,26.0,27.1,25.7,26.6,-2.0716,26.55,2026-03-06,002636.SZ,232642.23,58.369605408725015,1.401314065333363,1.6404131812893925,-0.47819823191205924,25.682,28.305525952044686,23.05847404795531,0.20430853921382194,1.4000000000000021,1.577401784861577,36.850257923610805,53.109591499546696,4.33159077173903
691559.052,-0.66,25.34,25.5,23.81,25.27,-2.5385,26.0,2026-03-09,002636.SZ,281231.97,53.53090519546525,1.2219629354686568,1.5567231321252455,-0.6695203933131775,25.676,28.302211199267347,23.04978880073265,0.2045654462741353,2.1900000000000013,1.6211588002286073,33.60939180722991,46.60952493544111,7.609125550807519
439376.465,2.53,27.87,27.87,26.0,26.13,9.9842,25.34,2026-03-10,002636.SZ,161749.12,65.37888444517813,1.2693435267658941,1.4992472110533752,-0.4598073685749622,25.8555,28.569250366675405,23.141749633324594,0.20991668052641843,2.530000000000001,1.6860760287837069,46.401533072432244,46.54019431443815,46.124210588420425
1803194.156,0.73,28.6,30.3,28.4,28.91,2.6193,27.87,2026-03-11,002636.SZ,619110.8,67.92041771458062,1.3502332375911834,1.469444416360937,-0.23842235753950725,26.063,28.953158254636136,23.17284174536386,0.22178246975683058,2.4299999999999997,1.7392134552991563,55.53630710221729,49.538898577031205,67.53112415258948
1229531.381,-0.71,27.89,30.2,27.64,28.73,-2.4825,28.6,2026-03-12,002636.SZ,426973.41,63.07084409182111,1.341582917154124,1.4438721165195745,-0.2045783987309009,26.256999999999998,29.087183925583428,23.426816074416568,0.21557557417705225,2.5599999999999987,1.7978410656349308,57.979520605381644,52.35243925314802,69.23368330984889
1352541.924,1.16,29.05,29.98,27.59,27.59,4.1592,27.89,2026-03-13,002636.SZ,466596.64,67.19240673204054,1.4120525188954076,1.4375081969947412,-0.05091135619866716,26.5365,29.307114790220517,23.765885209779483,0.20881538938597907,2.3900000000000006,1.840138132375293,65.56621353147683,56.75703067925763,83.18457923591525
1507037.411,2.91,31.96,31.96,28.16,29.2,10.0172,29.05,2026-03-16,002636.SZ,497894.67,74.79281007611036,1.6833087308705394,1.486668303769901,0.3932808542012771,26.955000000000002,30.317082687858694,23.59291731214131,0.24945892694184318,3.8000000000000007,1.9801282657770578,77.0441423543179,63.51940123761106,104.09362458773157
2081474.558,0.46,32.42,32.98,30.11,32.86,1.4393,31.96,2026-03-17,002636.SZ,658221.32,75.74920608531897,1.9133435552855786,1.5720033540730367,0.6826804024250839,27.361,31.286961632115265,23.435038367884736,0.28697501057090485,2.8699999999999974,2.043690532507268,82.6604714932094,69.89975798947718,108.18189850067384
2563355.128,2.38,34.8,35.0,31.5,31.82,7.3411,32.42,2026-03-18,002636.SZ,762698.14,79.9812815394495,2.261623334467899,1.7099273501520094,1.103391968631779,27.858500000000003,32.82779636022933,22.889203639770678,0.35675261483779275,3.5,2.147712637328177,87.84454429603892,75.88135342499777,111.77092603812122
1714749.636,-1.2,33.6,34.34,32.32,33.0,-3.4483,34.8,2026-03-19,002636.SZ,513078.03,73.05840480333922,2.412992126311959,1.8505403053839995,1.1249036418559193,28.208499999999997,33.756891042265636,22.66010895773436,0.3933843375057617,2.479999999999997,2.171447448947593,87.72597263465448,79.82955982821667,103.51879824753013
1739280.736,-2.3,31.3,34.48,31.2,34.0,-6.8452,33.6,2026-03-20,002636.SZ,531035.33,61.984244066404486,2.3206116398500463,1.944554572277209,0.7521141351456744,28.463500000000003,34.091435117270755,22.835564882729255,0.3954492678181355,3.2799999999999976,2.2506297740227645,78.11361138606597,79.25757701416644,75.82568012986502
1432725.753,-3.13,28.17,30.7,28.17,30.04,-10.0,31.3,2026-03-23,002636.SZ,491310.98,50.71747386555684,1.972101439461369,1.9500639457140412,0.04407498749465555,28.5965,34.05368367697197,23.13931632302803,0.38166794376738206,3.129999999999999,2.313441933021138,54.68482774365713,71.06666059066335,21.921162049644693
1483494.588,2.82,30.99,30.99,27.88,28.51,10.0106,28.17,2026-03-24,002636.SZ,507036.68,58.106023082165095,1.90153531164162,1.940358218899557,-0.07764581451587382,28.8625,34.237067302044814,23.487932697955188,0.3724256250875574,3.1099999999999994,2.3703389378053425,51.75119870269899,64.62817329467524,25.997249518746514
1536625.821,0.41,31.4,32.99,30.71,31.26,1.323,30.99,2026-03-25,002636.SZ,482764.19,59.0668838237985,1.8572850939863592,1.9237435939169176,-0.13291699986111682,29.0765,34.49955128715897,23.65344871284103,0.3730195372317144,2.280000000000001,2.3638861565335323,51.63980048466033,60.29871569133694,34.321970071307106
1100179.952,0.47,31.87,32.45,31.04,31.25,1.4968,31.4,2026-03-26,002636.SZ,347119.24,60.19396820276814,1.8389433554360934,1.906783546220753,-0.13568038156931905,29.319,34.78840543290332,23.849594567096684,0.3730963152156156,1.4100000000000037,2.2957514310668516,53.10630893733911,57.90124677333767,43.51643326534197
861834.262,-0.61,31.26,31.8,30.2,30.61,-1.914,31.87,2026-03-27,002636.SZ,277682.27,57.96321883845213,1.7549554593589782,1.8764179288483982,-0.24292493897883993,29.5195,34.963494179972784,24.075505820027217,0.3688405413352383,1.6700000000000017,2.2510549002763622,51.22817599567927,55.676889847451534,42.33074829213476
1223102.175,0.95,32.21,33.15,30.36,30.36,3.039,31.26,2026-03-30,002636.SZ,380774.38,60.42312081882697,1.744936960046612,1.8501217350880412,-0.2103695500828584,29.7665,35.228993261467465,24.304006738532536,0.367022878838121,2.789999999999999,2.289550978828051,54.423652910977204,55.2591442019601,52.75267032901141
1247063.639,-2.06,30.15,32.55,29.93,32.0,-6.3955,32.21,2026-03-31,002636.SZ,402876.81,53.158847098493744,1.5528719026360989,1.790671768597653,-0.4755997319231082,29.926,35.22736586173775,24.62463413826224,0.35429832665493255,2.6199999999999974,2.3131544803403328,47.74708173863127,52.75512338085049,37.73099845419284
1742204.402,1.28,31.43,33.17,30.8,31.61,4.2454,30.15,2026-04-01,002636.SZ,541237.6,56.646554915192354,1.4868052975123547,1.7298984743805934,-0.48618635373647745,30.143,35.30915748481337,24.976842515186632,0.3427765972075353,3.020000000000003,2.3636434460303093,49.76068075504712,51.756975838916034,45.768090587309274
1385325.83,-2.4,29.03,30.85,29.0,30.0,-7.636,31.43,2026-04-02,002636.SZ,466050.46,49.2429603503165,1.2266470707343515,1.629248193651345,-0.8052022458339869,30.267000000000003,35.18303648652454,25.350963513475463,0.32484464839756433,2.4299999999999997,2.368383199885287,40.42016398162563,47.978038553152565,25.30441483857176
1087949.833,0.22,29.25,29.59,27.88,29.16,0.7578,29.03,2026-04-03,002636.SZ,376982.11,49.8894982664946,1.0263903737346673,1.5086766296680096,-0.9645725118666846,30.4295,34.95065716440621,25.908342835593796,0.29715619148564426,1.7100000000000009,2.3213558284649096,35.57941618938873,43.845164431897956,19.047919704370287
1664219.488,2.56,31.81,32.18,29.58,30.04,8.7521,29.25,2026-04-07,002636.SZ,534591.65,56.78730517851445,1.0620138689772531,1.4193440775298585,-0.7146604171052107,30.752999999999997,34.619286672193006,26.88671332780699,0.2514412689619229,2.9299999999999997,2.3648304121459875,48.48331589689556,45.391214920230496,54.66751785022569
1671513.385,2.0,33.81,34.2,31.99,32.39,6.2873,31.81,2026-04-08,002636.SZ,505830.18,61.27245507596622,1.2373654522131616,1.3829483524665191,-0.29116580050671503,31.05,34.8963434447193,27.203656555280702,0.24775159064214483,2.390000000000004,2.3666282398498457,63.59858190594725,51.460337248802745,87.87507122023626
2294791.92,3.38,37.19,37.19,33.72,33.85,9.997,33.81,2026-04-09,002636.SZ,629186.42,67.42579401824639,1.6302777701078064,1.4324142359947767,0.3957270682260594,31.479499999999994,36.02820473177148,26.930795268228508,0.28899472556879796,3.469999999999999,2.4454405084319997,75.73238793729817,59.55102081163456,108.0951221886254
2846857.6,-1.26,35.93,38.88,35.47,38.11,-3.388,37.19,2026-04-10,002636.SZ,777247.74,63.38281993889411,1.8190235716479677,1.5097361031254148,0.6185749370451057,31.8815,36.51481767004779,27.248182329952208,0.29065869987596515,3.4100000000000037,2.5143376149725714,74.88219801880484,64.66141321402466,95.3237676283652
1696695.693,0.67,36.6,37.58,36.01,36.01,1.8647,35.93,2026-04-13,002636.SZ,462530.97,64.59840852766084,1.9996190164825904,1.6077126857968502,0.7838126613714804,32.259,37.1443805540503,27.3736194459497,0.30288481069160855,1.6499999999999986,2.452599213903102,76.34570777011231,68.55617806605389,91.92476717822916
2286295.971,2.19,38.79,39.48,36.23,37.0,5.9836,36.6,2026-04-14,002636.SZ,600158.43,68.3024925305341,2.293024347717896,1.7447750181810595,1.0964986590736734,32.6005,38.28705098502257,26.913949014977426,0.3488628079337784,3.25,2.5095564129100234,82.2477132260519,73.12002311938656,100.50309343938258
1869774.374,-1.32,37.47,39.79,37.26,38.36,-3.4029,38.79,2026-04-15,002636.SZ,490654.84,63.95867101660111,2.391469842586382,1.874113983062124,1.0347117190485156,32.853,38.94016371598967,26.765836284010334,0.37056973280916006,2.530000000000001,2.511016669130736,81.67199913362879,75.97068179080064,93.07463381928508
1548555.383,1.27,38.74,39.2,36.43,37.06,3.3894,37.47,2026-04-16,002636.SZ,404813.51,66.18677996687431,2.5426568275393393,2.007822551957567,1.0696685511635442,33.05,39.63697598534994,26.463024014650053,0.39860671620877125,2.770000000000003,2.5295154784785407,84.84262578681887,78.92799645614005,96.67188444817651
1715232.876,0.16,38.9,39.92,38.15,38.72,0.413,38.74,2026-04-17,002636.SZ,439215.32,66.4680319640353,2.644895555607441,2.135237152687542,1.0193168058397974,33.315000000000005,40.40256806335075,26.227431936649257,0.4254881022572862,1.7700000000000031,2.4752643728729313,86.60688269733765,81.48762520320592,96.84539768560111
1495624.703,0.67,39.57,39.98,38.69,39.45,1.7224,38.9,2026-04-20,002636.SZ,379841.19,67.68034642305761,2.7483031567364975,2.2578503534973335,0.9809056064783279,33.7285,41.27142774374554,26.185572256254453,0.4472732403602618,1.2899999999999991,2.390602631953436,89.36078370894685,84.11201137178624,99.85832838326806
1944291.528,2.31,41.88,42.0,38.38,38.8,5.8378,39.57,2026-04-21,002636.SZ,483486.99,71.50542441523706,2.982274318228079,2.402735146443483,1.1590783435691918,34.414,42.313456077211086,26.514543922788917,0.45908386570646154,3.6199999999999974,2.4784167296710478,92.42409735185831,86.88270669847694,103.50687865862102
1922804.089,4.19,46.07,46.07,41.0,41.65,10.0048,41.88,2026-04-22,002636.SZ,439100.59,76.85598240052025,3.4658440394168863,2.6153569250381636,1.7009742287574454,35.168,44.44927622803298,25.88672377196702,0.5278250812120666,5.07,2.6635298204088302,94.94939823457221,89.57160387717536,105.70498694936595
2671778.744,-2.82,43.25,47.37,42.01,46.93,-6.1211,46.07,2026-04-23,002636.SZ,605856.4,67.6489865803376,3.5802551424632014,2.8083365685231714,1.54383714788006,35.7605,45.52913611662061,25.991863883379388,0.546336662888976,5.359999999999999,2.856134833236771,84.54373027844721,87.89564601093265,77.83989881347634
1689844.574,-1.92,41.33,43.18,40.67,42.51,-4.4393,43.25,2026-04-24,002636.SZ,405808.57,62.1866988337221,3.475930449494207,2.9418553447173785,1.0681502095536572,36.23350000000001,46.12430865194909,26.34269134805092,0.5459482882939316,2.5799999999999983,2.8364109165770017,71.62281001208271,82.47136734464934,49.92569534694945
1856870.622,2.77,44.1,45.18,41.66,42.38,6.7022,41.33,2026-04-27,002636.SZ,424812.29,66.4016664347018,3.5755514968889344,3.06859457515169,1.013913843474489,36.8755,47.06926791037168,26.681732089628326,0.5528748307343182,3.8500000000000014,2.9088101368215016,71.11843641268648,78.68705703399506,55.9811951700693
3751355.717,2.18,46.28,48.51,44.34,45.0,4.9433,44.1,2026-04-28,002636.SZ,805140.66,69.30183640360441,3.78675828334476,3.212227316790304,1.1490619331089116,37.579,48.34312931917844,26.814870680821564,0.5728800297601553,4.409999999999997,3.016037984191394,74.59220264157025,77.32210556985346,69.13239678500383
3133686.621,-0.94,45.34,48.26,45.0,45.35,-2.0311,46.28,2026-04-29,002636.SZ,679054.96,66.6310543902788,3.8340939903019446,3.3366006514926325,0.9949866776186242,38.338499999999996,49.038938308779535,27.638061691220457,0.5582085010513995,3.259999999999998,3.033463842463437,72.86198322822833,75.83539812264509,66.9151534393948
2098062.291,-0.44,44.9,47.4,44.01,45.82,-0.9704,45.34,2026-04-30,002636.SZ,462612.84,65.36128805635826,3.7923872764900395,3.427757976492114,0.729258599995851,39.012,49.576348387009105,28.447651612990896,0.5415948111867684,3.3900000000000006,3.0589307108589057,70.02908128344541,73.8999591762452,62.28732549784581
2883989.778,1.66,46.56,47.75,43.5,45.58,3.6971,44.9,2026-05-06,002636.SZ,628663.46,67.85049768196524,3.848914640010733,3.5119893091958376,0.6738506616297908,39.8885,49.857851507178424,29.91914849282158,0.4998609377228234,4.25,3.144007088654698,73.6028031195329,73.8009071573411,73.20659504391648
2530859.466,2.95,49.51,50.22,45.82,46.99,6.3359,46.56,2026-05-07,002636.SZ,521545.7,71.73745377181385,4.0846678206607265,3.6265250114888152,0.9162856183438226,40.9015,50.42670263633032,31.37629736366968,0.46576299824360085,4.399999999999999,3.2337208680365053,79.92368375508127,75.84183268992116,88.08738588540149
2206105.522,-1.58,47.93,49.82,47.28,49.02,-3.1913,49.51,2026-05-08,002636.SZ,458775.37,67.06091429518989,4.096785921504328,3.720577193491918,0.7524174560248191,41.7075,50.7071113951189,32.707888604881106,0.43155841971438696,2.539999999999999,3.1841693774624695,78.6227699728465,76.76881178422961,82.33068635008027
2004307.082,0.57,48.5,49.35,46.67,47.99,1.1892,47.93,2026-05-11,002636.SZ,418904.07,67.87455058517287,4.105063226478606,3.797474400089256,0.6151776527786996,42.44199999999999,51.11979404420732,33.76420595579267,0.408924840686458,2.6799999999999997,3.148157279072293,79.74502291383484,77.7608821607647,83.71330441997515
1757557.196,-1.97,46.53,48.0,45.29,47.5,-4.0619,48.5,2026-05-12,002636.SZ,377126.94,62.15971381033042,3.90761595001711,3.8195027100748273,0.17622647988456563,42.909000000000006,51.39999808155958,34.41800191844043,0.395767698224595,3.210000000000001,3.152574616281415,72.1275230640519,75.88309579519377,64.61637760176816
1708891.467,0.08,46.61,48.0,44.79,45.01,0.1719,46.53,2026-05-13,002636.SZ,364607.92,62.29853747531193,3.714771320880409,3.798556432235944,-0.16757022271106958,43.443,51.41332416959415,35.47267583040585,0.36693249405400874,3.210000000000001,3.156676429404172,63.51160267762191,71.75926475600315,47.01627852085943
1476200.863,-1.32,45.29,47.59,45.0,46.7,-2.832,46.61,2026-05-14,002636.SZ,320590.58,58.48587209398923,3.416049502372971,3.7220550462633497,-0.6120110877807576,43.8775,51.19809495712686,36.55690504287313,0.33368332093336517,2.5900000000000034,3.1161995415895882,51.2200367057162,64.9128554059075,23.83439930533359
1482595.364,-2.39,42.9,45.68,42.01,45.0,-5.2771,45.29,2026-05-15,002636.SZ,341614.65,52.25065945236512,2.952423581862888,3.5681287533832577,-1.2314103430407393,44.083,51.02313529369077,37.142864706309226,0.3148667419953621,3.6700000000000017,3.1557567171903322,37.760170633693065,55.86196048183602,1.556590937407151
1081397.527,0.87,43.77,43.91,42.08,42.69,2.028,42.9,2026-05-18,002636.SZ,249734.5,54.16620359765212,2.624939757168505,3.3794909541403073,-1.5091023939436043,44.397999999999996,50.6078007426288,38.188199257371195,0.27973335477403494,1.8299999999999983,3.0610598088195946,32.31920429578728,48.014375086486446,0.9288627143889556
1197726.193,0.31,44.08,44.5,41.8,43.02,0.7082,43.77,2026-05-19,002636.SZ,276264.87,54.8610729280758,2.3631796123832487,3.1762286857888955,-1.6260981468112936,44.665000000000006,50.28133144920808,39.04866855079193,0.2514869114164592,2.700000000000003,3.035269822475338,30.572264463224776,42.200338212065894,7.316116965542548
1277676.292,0.67,44.75,44.8,42.81,43.87,1.52,44.08,2026-05-20,002636.SZ,289499.3,56.399601490790104,2.184613349518635,2.9779056185348436,-1.586584538032417,44.957499999999996,49.87558638437814,40.039413615621854,0.2187882504311024,1.9899999999999949,2.9606076922985283,32.64252377348818,39.014400065873325,19.898771188717888
1795340.226,-2.07,42.68,46.45,42.59,45.31,-4.6257,44.75,2026-05-21,002636.SZ,399094.73,50.6550359893253,1.854686923063241,2.7532618794405233,-1.7971499127545645,45.113,49.47960099053273,40.74639900946727,0.19358504158591677,3.8599999999999994,3.0248499999914906,25.64689222868308,34.558564120143245,7.8235484457627535
2237913.074,3.59,46.27,46.9,43.0,43.0,8.4114,42.68,2026-05-22,002636.SZ,492933.42,58.54182339351103,1.8614432906772436,2.5748981616878677,-1.4269097420212482,45.3325,49.44901295969824,41.21598704030177,0.1816142043654435,4.219999999999999,3.1102178571349555,41.13018621697154,36.749104819086014,49.892349012742585
1999448.944,-0.66,45.61,47.57,45.38,45.9,-1.4264,46.27,2026-05-25,002636.SZ,433127.66,56.74614790830031,1.7928741394839065,2.4184933572470757,-1.2512384355263384,45.3095,49.413785180406,41.205214819594,0.1811666507203126,2.1899999999999977,3.044488010196744,47.90399511238963,40.467401583520555,62.77718217012779
2470734.176,1.94,47.55,47.55,42.89,44.69,4.2535,45.61,2026-05-26,002636.SZ,540448.33,60.57425432602015,1.8734780906631059,2.3094903039302817,-0.8720244265343515,45.5245,49.62503385484523,41.42396614515478,0.18014624454283842,4.659999999999997,3.1598817237541197,65.03904797935931,48.65795038213348,97.80124317381097
2796144.646,1.21,48.76,50.68,46.08,47.08,2.5447,47.55,2026-05-27,002636.SZ,574761.38,62.7864745117777,2.0118033733173135,2.249952917807688,-0.476299088980749,45.896,49.73438452860947,42.057615471390534,0.16726444695003778,4.600000000000001,3.26274731491454,69.48549144569901,55.60046406998866,97.25554619711971
3440859.023,4.86,53.5,53.5,47.34,47.4,9.9918,48.64,2026-05-28,002636.SZ,673365.81,69.90938058139218,2.4753710064701338,2.295036535540177,0.36066894185991316,46.366,51.39559410311607,41.33640589688393,0.21695182259052184,6.159999999999997,3.469693935277787,79.65699429713268,63.61930747903668,111.7323679333247
3869438.918,0.01,53.51,56.8,53.02,55.0,0.0187,53.5,2026-05-29,002636.SZ,706168.17,69.92246050023114,2.811153385647181,2.398259905561578,0.8257869601712056,46.7275,52.6848143896253,40.770185610374696,0.25498108778022804,3.779999999999994,3.491858654186516,79.12688508697735,68.78850001501691,99.80365523089824
2883226.402,-3.64,49.87,53.51,48.17,53.0,-6.8025,53.51,2026-06-01,002636.SZ,573756.84,59.74255431957959,2.7518244418611317,2.468972812821489,0.5657032580792851,46.954,53.032429159957864,40.87557084004214,0.2589099612368643,5.339999999999996,3.6238687503160505,69.82843242251693,69.13514415085025,71.21500896585027
2533650.349,0.76,50.63,51.31,46.8,49.59,1.524,49.87,2026-06-02,002636.SZ,512994.57,61.01864317770539,2.734608609073078,2.522099972071807,0.42501727400254197,47.240500000000004,53.4500358755279,41.030964124472106,0.26289035363842034,4.510000000000005,3.68716383957919,65.41224605789189,67.89417811986414,60.44838193394742
2887824.153,1.1,51.73,53.28,50.0,50.48,2.1726,50.63,2026-06-03,002636.SZ,560084.92,62.85395981526898,2.7777060778679328,2.5732211932310323,0.408969769273801,47.499,54.01227680486838,40.98572319513163,0.27424900755251164,3.280000000000001,3.6580807081806768,64.79196466164755,66.86010696712528,60.6556800506921
2838358.578,2.27,54.0,54.37,49.38,50.0,4.3882,51.73,2026-06-04,002636.SZ,546874.88,66.37252912805513,2.9608997519622733,2.6507569049772806,0.6202856939699855,47.7235,54.812691996122616,40.634308003877386,0.2970943872986103,4.989999999999995,3.753217800453485,69.81817533877391,67.84612975767483,73.76226650097206
5174580.791,4.16,58.16,59.4,52.8,53.99,7.7037,54.0,2026-06-05,002636.SZ,887279.0,71.66880539090562,3.4025369638371856,2.8011129167492617,1.202848094175848,48.235,56.724799452097564,39.745200547902435,0.35201822129563864,6.600000000000001,3.956559386135379,77.37525034698797,71.02250328744589,90.08074446607213
2462714.91,5.82,63.98,63.98,57.09,58.07,10.0069,58.16,2026-06-08,002636.SZ,401265.32,77.10233421112541,4.174047178681207,3.0756997691356505,2.196694819091112,49.009,60.042132684876904,37.9758673151231,0.4502492474801324,6.8899999999999935,4.166090858554281,84.91683356465865,75.65394671318347,103.44260726760899
1006174.43482,6.4,70.38,70.38,68.4,70.38,10.0031,63.98,2026-06-09,002636.SZ,143508.94,81.34034748239102,5.2414805700412685,3.5088559293167743,3.4652492814489886,50.201499999999996,64.71356869797445,35.68943130202554,0.5781527921665471,6.399999999999999,4.325655797228975,89.94455570977243,80.4174830453798,108.9987010385577
2953090.91698,7.04,77.42,77.42,74.46,76.0,10.0028,70.38,2026-06-10,002636.SZ,384210.38,84.69585071852684,6.579652251932586,4.123015193839937,4.913274116185299,51.742,70.55317092524918,32.93082907475082,0.7271141790131491,7.040000000000006,4.519537525998334,93.29637047318163,84.71044552131374,110.46822037691737
7572449.37471,7.38,84.8,85.16,77.44,77.44,9.5324,77.42,2026-06-11,002636.SZ,917359.95,87.2784771843675,8.141813515500623,4.926774858172074,6.4300773146570975,53.717499999999994,77.35505608972147,30.07994391027852,0.8800691055883644,7.739999999999995,4.749570559855596,95.21808778851664,88.21299294371471,109.2282774781205
7580017.89048,5.08,89.88,93.28,86.92,89.99,5.9906,84.8,2026-06-12,002636.SZ,843771.9,88.69294752523514,9.678187001025428,5.877057286742745,7.602259428565366,56.0665,84.10534093632657,28.027659063673433,1.0001994394630151,8.480000000000004,5.016029805580197,94.37373379819641,90.26657322854194,102.58805493750532
5897389.61412,7.46,97.34,98.0,90.16,90.92,8.3,89.88,2026-06-15,002636.SZ,618705.27,90.38384076920943,11.366705407051704,6.974986910804537,8.783436992494334,58.74499999999999,91.65044507812442,25.839554921875553,1.1202807074006107,8.120000000000005,5.237741962324469,95.79666717768147,92.10993787825512,103.17012577653418
5959603.31749,4.15,101.49,102.9,94.5,94.91,4.2634,97.34,2026-06-16,002636.SZ,601334.7,91.17451789103586,12.891137714826684,8.158217071608966,9.465841286435435,61.6155,98.86410123124355,24.366898768756435,1.2090659405910382,8.400000000000006,5.463617536444151,96.31960173579363,93.5131591641013,101.93248687917827
5036606.44879,-5.78,95.71,102.78,92.05,100.0,-5.6951,101.49,2026-06-17,002636.SZ,515913.66,81.16463920348573,13.477503338128145,9.222074324912802,8.510858026430686,64.1635,103.46950772347508,24.857492276524923,1.2251827822196444,10.730000000000004,5.839787712412425,92.76263535546587,93.26298456122282,91.76193694395198
4069360.98898,8.7,104.41,105.28,93.31,94.54,9.09,95.71,2026-06-18,002636.SZ,406997.57,84.01023670523246,14.477333916633512,10.273126243256945,8.408415346753134,67.25,109.06734971088068,25.43265028911933,1.243638653111693,11.969999999999999,6.27766001866868,94.57330563436261,93.69975825226942,96.320400398549
3266418.52881,9.81,114.22,114.85,105.0,108.73,9.3957,104.41,2026-06-22,002636.SZ,295433.08,86.48893442467168,15.87825720273733,11.394152435153021,8.968209535168619,70.6475,116.16543486898132,25.129565131018666,1.2885929401318188,10.439999999999998,6.574970017335203,95.93010472502539,94.44320707652142,98.90390002203333
3367497.46929,-5.58,108.64,111.83,102.8,111.21,-4.8853,114.22,2026-06-23,002636.SZ,314399.12,78.98836032220672,16.349769666747605,12.385275881471939,7.928987570551332,73.799,120.72414976001656,26.873850239983447,1.27170150706694,11.420000000000002,6.921043587525546,92.16170553509575,93.68270656271287,89.11970347986153
2977610.60991,7.17,115.81,118.31,106.95,108.65,6.5998,108.64,2026-06-24,002636.SZ,261197.41,81.2397108918139,17.104831914428047,13.329187088063161,7.551289652729771,77.212,125.99141481274316,28.432585187256855,1.2635190077382572,11.36,7.238111902702292,92.73548495586597,93.36696602709723,91.47252281340346
3844332.63154,-2.82,112.99,120.0,112.0,116.0,-2.435,115.81,2026-06-25,002636.SZ,333482.27,77.71283194678588,17.27652077612153,14.118653825674835,6.315733900893388,80.4235,129.7699082946158,31.077091705384213,1.2271639084251689,8.0,7.2925324810807,88.09330597218957,91.60907934212801,81.06175923231268
3055191.34804,-0.86,112.13,116.0,106.0,111.2,-0.7611,112.99,2026-06-26,002636.SZ,272792.91,76.62038454083445,17.145547425298787,14.724032545599627,4.84302975939832,83.355,132.93242801337146,33.77757198662854,1.1895489895836233,10.0,7.485923018146365,83.27087243543647,88.8296770398975,72.15326322651441
3722842.92653,2.82,114.95,117.55,101.03,113.93,2.5149,112.13,2026-06-29,002636.SZ,333940.57,77.72609036251379,17.07249938775621,15.193725914030944,3.757546947450532,86.42699999999999,135.83167231260384,37.02232768739615,1.143269402214675,16.519999999999996,8.13121423113591,82.82458877925939,86.82798095301814,74.81780443174188
